image_path,label
resultados/03_compose_synthetic/data/synthetic/PE/PE_0000.png,PE
resultados/03_compose_synthetic/data/synthetic/PE/PE_0001.png,PE
resultados/03_compose_synthetic/data/synthetic/PE/PE_0002.png,PE
resultados/03_compose_synthetic/data/synthetic/PE/PE_0003.png,PE
resultados/03_compose_synthetic/data/synthetic/PE/PE_0004.png,PE
resultados/03_compose_synthetic/data/synthetic/PE/PE_0005.png,PE
resultados/03_compose_synthetic/data/synthetic/PE/PE_0006.png,PE
resultados/03_compose_synthetic/data/synthetic/PE/PE_0007.png,PE
resultados/03_compose_synthetic/data/synthetic/PE/PE_0008.png,PE
resultados/03_compose_synthetic/data/synthetic/PE/PE_0009.png,PE
resultados/03_compose_synthetic/data/synthetic/PE/PE_0010.png,PE
resultados/03_compose_synthetic/data/synthetic/PE/PE_0011.png,PE
resultados/03_compose_synthetic/data/synthetic/PE/PE_0012.png,PE
resultados/03_compose_synthetic/data/synthetic/PE/PE_0013.png,PE
resultados/03_compose_synthetic/data/synthetic/PE/PE_0014.png,PE
resultados/03_compose_synthetic/data/synthetic/PE/PE_0015.png,PE
resultados/03_compose_synthetic/data/synthetic/PE/PE_0016.png,PE
resultados/03_compose_synthetic/data/synthetic/PE/PE_0017.png,PE
resultados/03_compose_synthetic/data/synthetic/PE/PE_0018.png,PE
resultados/03_compose_synthetic/data/synthetic/PE/PE_0019.png,PE
resultados/03_compose_synthetic/data/synthetic/PE/PE_0020.png,PE
resultados/03_compose_synthetic/data/synthetic/PE/PE_0021.png,PE
resultados/03_compose_synthetic/data/synthetic/PE/PE_0022.png,PE
resultados/03_compose_synthetic/data/synthetic/PE/PE_0023.png,PE
resultados/03_compose_synthetic/data/synthetic/PE/PE_0024.png,PE
resultados/03_compose_synthetic/data/synthetic/PE/PE_0025.png,PE
resultados/03_compose_synthetic/data/synthetic/PE/PE_0026.png,PE
resultados/03_compose_synthetic/data/synthetic/PE/PE_0027.png,PE
resultados/03_compose_synthetic/data/synthetic/PE/PE_0028.png,PE
resultados/03_compose_synthetic/data/synthetic/PE/PE_0029.png,PE
resultados/03_compose_synthetic/data/synthetic/PE/PE_0030.png,PE
resultados/03_compose_synthetic/data/synthetic/PE/PE_0031.png,PE
resultados/03_compose_synthetic/data/synthetic/PE/PE_0032.png,PE
resultados/03_compose_synthetic/data/synthetic/PE/PE_0033.png,PE
resultados/03_compose_synthetic/data/synthetic/PE/PE_0034.png,PE
resultados/03_compose_synthetic/data/synthetic/PE/PE_0035.png,PE
resultados/03_compose_synthetic/data/synthetic/PE/PE_0036.png,PE
resultados/03_compose_synthetic/data/synthetic/PE/PE_0037.png,PE
resultados/03_compose_synthetic/data/synthetic/PE/PE_0038.png,PE
resultados/03_compose_synthetic/data/synthetic/PE/PE_0039.png,PE
resultados/03_compose_synthetic/data/synthetic/PE/PE_0040.png,PE
resultados/03_compose_synthetic/data/synthetic/PE/PE_0041.png,PE
resultados/03_compose_synthetic/data/synthetic/PE/PE_0042.png,PE
resultados/03_compose_synthetic/data/synthetic/PE/PE_0043.png,PE
resultados/03_compose_synthetic/data/synthetic/PE/PE_0044.png,PE
resultados/03_compose_synthetic/data/synthetic/PE/PE_0045.png,PE
resultados/03_compose_synthetic/data/synthetic/PE/PE_0046.png,PE
resultados/03_compose_synthetic/data/synthetic/PE/PE_0047.png,PE
resultados/03_compose_synthetic/data/synthetic/PE/PE_0048.png,PE
resultados/03_compose_synthetic/data/synthetic/PE/PE_0049.png,PE
resultados/03_compose_synthetic/data/synthetic/PE/PE_0050.png,PE
resultados/03_compose_synthetic/data/synthetic/PE/PE_0051.png,PE
resultados/03_compose_synthetic/data/synthetic/PE/PE_0052.png,PE
resultados/03_compose_synthetic/data/synthetic/PE/PE_0053.png,PE
resultados/03_compose_synthetic/data/synthetic/PE/PE_0054.png,PE
resultados/03_compose_synthetic/data/synthetic/PE/PE_0055.png,PE
resultados/03_compose_synthetic/data/synthetic/PE/PE_0056.png,PE
resultados/03_compose_synthetic/data/synthetic/PE/PE_0057.png,PE
resultados/03_compose_synthetic/data/synthetic/PE/PE_0058.png,PE
resultados/03_compose_synthetic/data/synthetic/PE/PE_0059.png,PE
resultados/03_compose_synthetic/data/synthetic/PE/PE_0060.png,PE
resultados/03_compose_synthetic/data/synthetic/PE/PE_0061.png,PE
resultados/03_compose_synthetic/data/synthetic/PE/PE_0062.png,PE
resultados/03_compose_synthetic/data/synthetic/PE/PE_0063.png,PE
resultados/03_compose_synthetic/data/synthetic/PE/PE_0064.png,PE
resultados/03_compose_synthetic/data/synthetic/PE/PE_0065.png,PE
resultados/03_compose_synthetic/data/synthetic/PE/PE_0066.png,PE
resultados/03_compose_synthetic/data/synthetic/PE/PE_0067.png,PE
resultados/03_compose_synthetic/data/synthetic/PE/PE_0068.png,PE
resultados/03_compose_synthetic/data/synthetic/PE/PE_0069.png,PE
resultados/03_compose_synthetic/data/synthetic/PE/PE_0070.png,PE
resultados/03_compose_synthetic/data/synthetic/PE/PE_0071.png,PE
resultados/03_compose_synthetic/data/synthetic/PE/PE_0072.png,PE
resultados/03_compose_synthetic/data/synthetic/PE/PE_0073.png,PE
resultados/03_compose_synthetic/data/synthetic/PE/PE_0074.png,PE
resultados/03_compose_synthetic/data/synthetic/PE/PE_0075.png,PE
resultados/03_compose_synthetic/data/synthetic/PE/PE_0076.png,PE
resultados/03_compose_synthetic/data/synthetic/PE/PE_0077.png,PE
resultados/03_compose_synthetic/data/synthetic/PE/PE_0078.png,PE
resultados/03_compose_synthetic/data/synthetic/PE/PE_0079.png,PE
resultados/03_compose_synthetic/data/synthetic/PE/PE_0080.png,PE
resultados/03_compose_synthetic/data/synthetic/PE/PE_0081.png,PE
resultados/03_compose_synthetic/data/synthetic/PE/PE_0082.png,PE
resultados/03_compose_synthetic/data/synthetic/PE/PE_0083.png,PE
resultados/03_compose_synthetic/data/synthetic/PE/PE_0084.png,PE
resultados/03_compose_synthetic/data/synthetic/PE/PE_0085.png,PE
resultados/03_compose_synthetic/data/synthetic/PE/PE_0086.png,PE
resultados/03_compose_synthetic/data/synthetic/PE/PE_0087.png,PE
resultados/03_compose_synthetic/data/synthetic/PE/PE_0088.png,PE
resultados/03_compose_synthetic/data/synthetic/PE/PE_0089.png,PE
resultados/03_compose_synthetic/data/synthetic/PE/PE_0090.png,PE
resultados/03_compose_synthetic/data/synthetic/PE/PE_0091.png,PE
resultados/03_compose_synthetic/data/synthetic/PE/PE_0092.png,PE
resultados/03_compose_synthetic/data/synthetic/PE/PE_0093.png,PE
resultados/03_compose_synthetic/data/synthetic/PE/PE_0094.png,PE
resultados/03_compose_synthetic/data/synthetic/PE/PE_0095.png,PE
resultados/03_compose_synthetic/data/synthetic/PE/PE_0096.png,PE
resultados/03_compose_synthetic/data/synthetic/PE/PE_0097.png,PE
resultados/03_compose_synthetic/data/synthetic/PE/PE_0098.png,PE
resultados/03_compose_synthetic/data/synthetic/PE/PE_0099.png,PE
resultados/03_compose_synthetic/data/synthetic/PE/PE_0100.png,PE
resultados/03_compose_synthetic/data/synthetic/PE/PE_0101.png,PE
resultados/03_compose_synthetic/data/synthetic/PE/PE_0102.png,PE
resultados/03_compose_synthetic/data/synthetic/PE/PE_0103.png,PE
resultados/03_compose_synthetic/data/synthetic/PE/PE_0104.png,PE
resultados/03_compose_synthetic/data/synthetic/PE/PE_0105.png,PE
resultados/03_compose_synthetic/data/synthetic/PE/PE_0106.png,PE
resultados/03_compose_synthetic/data/synthetic/PE/PE_0107.png,PE
resultados/03_compose_synthetic/data/synthetic/PE/PE_0108.png,PE
resultados/03_compose_synthetic/data/synthetic/PE/PE_0109.png,PE
resultados/03_compose_synthetic/data/synthetic/PE/PE_0110.png,PE
resultados/03_compose_synthetic/data/synthetic/PE/PE_0111.png,PE
resultados/03_compose_synthetic/data/synthetic/PE/PE_0112.png,PE
resultados/03_compose_synthetic/data/synthetic/PE/PE_0113.png,PE
resultados/03_compose_synthetic/data/synthetic/PE/PE_0114.png,PE
resultados/03_compose_synthetic/data/synthetic/PE/PE_0115.png,PE
resultados/03_compose_synthetic/data/synthetic/PE/PE_0116.png,PE
resultados/03_compose_synthetic/data/synthetic/PE/PE_0117.png,PE
resultados/03_compose_synthetic/data/synthetic/PE/PE_0118.png,PE
resultados/03_compose_synthetic/data/synthetic/PE/PE_0119.png,PE
resultados/03_compose_synthetic/data/synthetic/PE/PE_0120.png,PE
resultados/03_compose_synthetic/data/synthetic/PE/PE_0121.png,PE
resultados/03_compose_synthetic/data/synthetic/PE/PE_0122.png,PE
resultados/03_compose_synthetic/data/synthetic/PE/PE_0123.png,PE
resultados/03_compose_synthetic/data/synthetic/PE/PE_0124.png,PE
resultados/03_compose_synthetic/data/synthetic/PE/PE_0125.png,PE
resultados/03_compose_synthetic/data/synthetic/PE/PE_0126.png,PE
resultados/03_compose_synthetic/data/synthetic/PE/PE_0127.png,PE
resultados/03_compose_synthetic/data/synthetic/PE/PE_0128.png,PE
resultados/03_compose_synthetic/data/synthetic/PE/PE_0129.png,PE
resultados/03_compose_synthetic/data/synthetic/PE/PE_0130.png,PE
resultados/03_compose_synthetic/data/synthetic/PE/PE_0131.png,PE
resultados/03_compose_synthetic/data/synthetic/PE/PE_0132.png,PE
resultados/03_compose_synthetic/data/synthetic/PE/PE_0133.png,PE
resultados/03_compose_synthetic/data/synthetic/PE/PE_0134.png,PE
resultados/03_compose_synthetic/data/synthetic/PE/PE_0135.png,PE
resultados/03_compose_synthetic/data/synthetic/PE/PE_0136.png,PE
resultados/03_compose_synthetic/data/synthetic/PE/PE_0137.png,PE
resultados/03_compose_synthetic/data/synthetic/PE/PE_0138.png,PE
resultados/03_compose_synthetic/data/synthetic/PE/PE_0139.png,PE
resultados/03_compose_synthetic/data/synthetic/PE/PE_0140.png,PE
resultados/03_compose_synthetic/data/synthetic/PE/PE_0141.png,PE
resultados/03_compose_synthetic/data/synthetic/PE/PE_0142.png,PE
resultados/03_compose_synthetic/data/synthetic/PE/PE_0143.png,PE
resultados/03_compose_synthetic/data/synthetic/PE/PE_0144.png,PE
resultados/03_compose_synthetic/data/synthetic/PE/PE_0145.png,PE
resultados/03_compose_synthetic/data/synthetic/PE/PE_0146.png,PE
resultados/03_compose_synthetic/data/synthetic/PE/PE_0147.png,PE
resultados/03_compose_synthetic/data/synthetic/PE/PE_0148.png,PE
resultados/03_compose_synthetic/data/synthetic/PE/PE_0149.png,PE
resultados/03_compose_synthetic/data/synthetic/PE/PE_0150.png,PE
resultados/03_compose_synthetic/data/synthetic/PE/PE_0151.png,PE
resultados/03_compose_synthetic/data/synthetic/PE/PE_0152.png,PE
resultados/03_compose_synthetic/data/synthetic/PE/PE_0153.png,PE
resultados/03_compose_synthetic/data/synthetic/PE/PE_0154.png,PE
resultados/03_compose_synthetic/data/synthetic/PE/PE_0155.png,PE
resultados/03_compose_synthetic/data/synthetic/PE/PE_0156.png,PE
resultados/03_compose_synthetic/data/synthetic/PE/PE_0157.png,PE
resultados/03_compose_synthetic/data/synthetic/PE/PE_0158.png,PE
resultados/03_compose_synthetic/data/synthetic/PE/PE_0159.png,PE
resultados/03_compose_synthetic/data/synthetic/PE/PE_0160.png,PE
resultados/03_compose_synthetic/data/synthetic/PE/PE_0161.png,PE
resultados/03_compose_synthetic/data/synthetic/PE/PE_0162.png,PE
resultados/03_compose_synthetic/data/synthetic/PE/PE_0163.png,PE
resultados/03_compose_synthetic/data/synthetic/PE/PE_0164.png,PE
resultados/03_compose_synthetic/data/synthetic/PE/PE_0165.png,PE
resultados/03_compose_synthetic/data/synthetic/PE/PE_0166.png,PE
resultados/03_compose_synthetic/data/synthetic/PE/PE_0167.png,PE
resultados/03_compose_synthetic/data/synthetic/PE/PE_0168.png,PE
resultados/03_compose_synthetic/data/synthetic/PE/PE_0169.png,PE
resultados/03_compose_synthetic/data/synthetic/PE/PE_0170.png,PE
resultados/03_compose_synthetic/data/synthetic/PE/PE_0171.png,PE
resultados/03_compose_synthetic/data/synthetic/PE/PE_0172.png,PE
resultados/03_compose_synthetic/data/synthetic/PE/PE_0173.png,PE
resultados/03_compose_synthetic/data/synthetic/PE/PE_0174.png,PE
resultados/03_compose_synthetic/data/synthetic/PE/PE_0175.png,PE
resultados/03_compose_synthetic/data/synthetic/PE/PE_0176.png,PE
resultados/03_compose_synthetic/data/synthetic/PE/PE_0177.png,PE
resultados/03_compose_synthetic/data/synthetic/PE/PE_0178.png,PE
resultados/03_compose_synthetic/data/synthetic/PE/PE_0179.png,PE
resultados/03_compose_synthetic/data/synthetic/PE/PE_0180.png,PE
resultados/03_compose_synthetic/data/synthetic/PE/PE_0181.png,PE
resultados/03_compose_synthetic/data/synthetic/PE/PE_0182.png,PE
resultados/03_compose_synthetic/data/synthetic/PE/PE_0183.png,PE
resultados/03_compose_synthetic/data/synthetic/PE/PE_0184.png,PE
resultados/03_compose_synthetic/data/synthetic/PE/PE_0185.png,PE
resultados/03_compose_synthetic/data/synthetic/PE/PE_0186.png,PE
resultados/03_compose_synthetic/data/synthetic/PE/PE_0187.png,PE
resultados/03_compose_synthetic/data/synthetic/PE/PE_0188.png,PE
resultados/03_compose_synthetic/data/synthetic/PE/PE_0189.png,PE
resultados/03_compose_synthetic/data/synthetic/PE/PE_0190.png,PE
resultados/03_compose_synthetic/data/synthetic/PE/PE_0191.png,PE
resultados/03_compose_synthetic/data/synthetic/PE/PE_0192.png,PE
resultados/03_compose_synthetic/data/synthetic/PE/PE_0193.png,PE
resultados/03_compose_synthetic/data/synthetic/PE/PE_0194.png,PE
resultados/03_compose_synthetic/data/synthetic/PE/PE_0195.png,PE
resultados/03_compose_synthetic/data/synthetic/PE/PE_0196.png,PE
resultados/03_compose_synthetic/data/synthetic/PE/PE_0197.png,PE
resultados/03_compose_synthetic/data/synthetic/PE/PE_0198.png,PE
resultados/03_compose_synthetic/data/synthetic/PE/PE_0199.png,PE
resultados/03_compose_synthetic/data/synthetic/PE/PE_0200.png,PE
resultados/03_compose_synthetic/data/synthetic/PE/PE_0201.png,PE
resultados/03_compose_synthetic/data/synthetic/PE/PE_0202.png,PE
resultados/03_compose_synthetic/data/synthetic/PE/PE_0203.png,PE
resultados/03_compose_synthetic/data/synthetic/PE/PE_0204.png,PE
resultados/03_compose_synthetic/data/synthetic/PE/PE_0205.png,PE
resultados/03_compose_synthetic/data/synthetic/PE/PE_0206.png,PE
resultados/03_compose_synthetic/data/synthetic/PE/PE_0207.png,PE
resultados/03_compose_synthetic/data/synthetic/PE/PE_0208.png,PE
resultados/03_compose_synthetic/data/synthetic/PE/PE_0209.png,PE
resultados/03_compose_synthetic/data/synthetic/PE/PE_0210.png,PE
resultados/03_compose_synthetic/data/synthetic/PE/PE_0211.png,PE
resultados/03_compose_synthetic/data/synthetic/PE/PE_0212.png,PE
resultados/03_compose_synthetic/data/synthetic/PE/PE_0213.png,PE
resultados/03_compose_synthetic/data/synthetic/PE/PE_0214.png,PE
resultados/03_compose_synthetic/data/synthetic/PE/PE_0215.png,PE
resultados/03_compose_synthetic/data/synthetic/PE/PE_0216.png,PE
resultados/03_compose_synthetic/data/synthetic/PE/PE_0217.png,PE
resultados/03_compose_synthetic/data/synthetic/PE/PE_0218.png,PE
resultados/03_compose_synthetic/data/synthetic/PE/PE_0219.png,PE
resultados/03_compose_synthetic/data/synthetic/PE/PE_0220.png,PE
resultados/03_compose_synthetic/data/synthetic/PE/PE_0221.png,PE
resultados/03_compose_synthetic/data/synthetic/PE/PE_0222.png,PE
resultados/03_compose_synthetic/data/synthetic/PE/PE_0223.png,PE
resultados/03_compose_synthetic/data/synthetic/PE/PE_0224.png,PE
resultados/03_compose_synthetic/data/synthetic/PE/PE_0225.png,PE
resultados/03_compose_synthetic/data/synthetic/PE/PE_0226.png,PE
resultados/03_compose_synthetic/data/synthetic/PE/PE_0227.png,PE
resultados/03_compose_synthetic/data/synthetic/PE/PE_0228.png,PE
resultados/03_compose_synthetic/data/synthetic/PE/PE_0229.png,PE
resultados/03_compose_synthetic/data/synthetic/PE/PE_0230.png,PE
resultados/03_compose_synthetic/data/synthetic/PE/PE_0231.png,PE
resultados/03_compose_synthetic/data/synthetic/PE/PE_0232.png,PE
resultados/03_compose_synthetic/data/synthetic/PE/PE_0233.png,PE
resultados/03_compose_synthetic/data/synthetic/PE/PE_0234.png,PE
resultados/03_compose_synthetic/data/synthetic/PE/PE_0235.png,PE
resultados/03_compose_synthetic/data/synthetic/PE/PE_0236.png,PE
resultados/03_compose_synthetic/data/synthetic/PE/PE_0237.png,PE
resultados/03_compose_synthetic/data/synthetic/PE/PE_0238.png,PE
resultados/03_compose_synthetic/data/synthetic/PE/PE_0239.png,PE
resultados/03_compose_synthetic/data/synthetic/PE/PE_0240.png,PE
resultados/03_compose_synthetic/data/synthetic/PE/PE_0241.png,PE
resultados/03_compose_synthetic/data/synthetic/PE/PE_0242.png,PE
resultados/03_compose_synthetic/data/synthetic/PE/PE_0243.png,PE
resultados/03_compose_synthetic/data/synthetic/PE/PE_0244.png,PE
resultados/03_compose_synthetic/data/synthetic/PE/PE_0245.png,PE
resultados/03_compose_synthetic/data/synthetic/PE/PE_0246.png,PE
resultados/03_compose_synthetic/data/synthetic/PE/PE_0247.png,PE
resultados/03_compose_synthetic/data/synthetic/PE/PE_0248.png,PE
resultados/03_compose_synthetic/data/synthetic/PE/PE_0249.png,PE
resultados/03_compose_synthetic/data/synthetic/PET/PET_0000.png,PET
resultados/03_compose_synthetic/data/synthetic/PET/PET_0001.png,PET
resultados/03_compose_synthetic/data/synthetic/PET/PET_0002.png,PET
resultados/03_compose_synthetic/data/synthetic/PET/PET_0003.png,PET
resultados/03_compose_synthetic/data/synthetic/PET/PET_0004.png,PET
resultados/03_compose_synthetic/data/synthetic/PET/PET_0005.png,PET
resultados/03_compose_synthetic/data/synthetic/PET/PET_0006.png,PET
resultados/03_compose_synthetic/data/synthetic/PET/PET_0007.png,PET
resultados/03_compose_synthetic/data/synthetic/PET/PET_0008.png,PET
resultados/03_compose_synthetic/data/synthetic/PET/PET_0009.png,PET
resultados/03_compose_synthetic/data/synthetic/PET/PET_0010.png,PET
resultados/03_compose_synthetic/data/synthetic/PET/PET_0011.png,PET
resultados/03_compose_synthetic/data/synthetic/PET/PET_0012.png,PET
resultados/03_compose_synthetic/data/synthetic/PET/PET_0013.png,PET
resultados/03_compose_synthetic/data/synthetic/PET/PET_0014.png,PET
resultados/03_compose_synthetic/data/synthetic/PET/PET_0015.png,PET
resultados/03_compose_synthetic/data/synthetic/PET/PET_0016.png,PET
resultados/03_compose_synthetic/data/synthetic/PET/PET_0017.png,PET
resultados/03_compose_synthetic/data/synthetic/PET/PET_0018.png,PET
resultados/03_compose_synthetic/data/synthetic/PET/PET_0019.png,PET
resultados/03_compose_synthetic/data/synthetic/PET/PET_0020.png,PET
resultados/03_compose_synthetic/data/synthetic/PET/PET_0021.png,PET
resultados/03_compose_synthetic/data/synthetic/PET/PET_0022.png,PET
resultados/03_compose_synthetic/data/synthetic/PET/PET_0023.png,PET
resultados/03_compose_synthetic/data/synthetic/PET/PET_0024.png,PET
resultados/03_compose_synthetic/data/synthetic/PET/PET_0025.png,PET
resultados/03_compose_synthetic/data/synthetic/PET/PET_0026.png,PET
resultados/03_compose_synthetic/data/synthetic/PET/PET_0027.png,PET
resultados/03_compose_synthetic/data/synthetic/PET/PET_0028.png,PET
resultados/03_compose_synthetic/data/synthetic/PET/PET_0029.png,PET
resultados/03_compose_synthetic/data/synthetic/PET/PET_0030.png,PET
resultados/03_compose_synthetic/data/synthetic/PET/PET_0031.png,PET
resultados/03_compose_synthetic/data/synthetic/PET/PET_0032.png,PET
resultados/03_compose_synthetic/data/synthetic/PET/PET_0033.png,PET
resultados/03_compose_synthetic/data/synthetic/PET/PET_0034.png,PET
resultados/03_compose_synthetic/data/synthetic/PET/PET_0035.png,PET
resultados/03_compose_synthetic/data/synthetic/PET/PET_0036.png,PET
resultados/03_compose_synthetic/data/synthetic/PET/PET_0037.png,PET
resultados/03_compose_synthetic/data/synthetic/PET/PET_0038.png,PET
resultados/03_compose_synthetic/data/synthetic/PET/PET_0039.png,PET
resultados/03_compose_synthetic/data/synthetic/PET/PET_0040.png,PET
resultados/03_compose_synthetic/data/synthetic/PET/PET_0041.png,PET
resultados/03_compose_synthetic/data/synthetic/PET/PET_0042.png,PET
resultados/03_compose_synthetic/data/synthetic/PET/PET_0043.png,PET
resultados/03_compose_synthetic/data/synthetic/PET/PET_0044.png,PET
resultados/03_compose_synthetic/data/synthetic/PET/PET_0045.png,PET
resultados/03_compose_synthetic/data/synthetic/PET/PET_0046.png,PET
resultados/03_compose_synthetic/data/synthetic/PET/PET_0047.png,PET
resultados/03_compose_synthetic/data/synthetic/PET/PET_0048.png,PET
resultados/03_compose_synthetic/data/synthetic/PET/PET_0049.png,PET
resultados/03_compose_synthetic/data/synthetic/PET/PET_0050.png,PET
resultados/03_compose_synthetic/data/synthetic/PET/PET_0051.png,PET
resultados/03_compose_synthetic/data/synthetic/PET/PET_0052.png,PET
resultados/03_compose_synthetic/data/synthetic/PET/PET_0053.png,PET
resultados/03_compose_synthetic/data/synthetic/PET/PET_0054.png,PET
resultados/03_compose_synthetic/data/synthetic/PET/PET_0055.png,PET
resultados/03_compose_synthetic/data/synthetic/PET/PET_0056.png,PET
resultados/03_compose_synthetic/data/synthetic/PET/PET_0057.png,PET
resultados/03_compose_synthetic/data/synthetic/PET/PET_0058.png,PET
resultados/03_compose_synthetic/data/synthetic/PET/PET_0059.png,PET
resultados/03_compose_synthetic/data/synthetic/PET/PET_0060.png,PET
resultados/03_compose_synthetic/data/synthetic/PET/PET_0061.png,PET
resultados/03_compose_synthetic/data/synthetic/PET/PET_0062.png,PET
resultados/03_compose_synthetic/data/synthetic/PET/PET_0063.png,PET
resultados/03_compose_synthetic/data/synthetic/PET/PET_0064.png,PET
resultados/03_compose_synthetic/data/synthetic/PET/PET_0065.png,PET
resultados/03_compose_synthetic/data/synthetic/PET/PET_0066.png,PET
resultados/03_compose_synthetic/data/synthetic/PET/PET_0067.png,PET
resultados/03_compose_synthetic/data/synthetic/PET/PET_0068.png,PET
resultados/03_compose_synthetic/data/synthetic/PET/PET_0069.png,PET
resultados/03_compose_synthetic/data/synthetic/PET/PET_0070.png,PET
resultados/03_compose_synthetic/data/synthetic/PET/PET_0071.png,PET
resultados/03_compose_synthetic/data/synthetic/PET/PET_0072.png,PET
resultados/03_compose_synthetic/data/synthetic/PET/PET_0073.png,PET
resultados/03_compose_synthetic/data/synthetic/PET/PET_0074.png,PET
resultados/03_compose_synthetic/data/synthetic/PET/PET_0075.png,PET
resultados/03_compose_synthetic/data/synthetic/PET/PET_0076.png,PET
resultados/03_compose_synthetic/data/synthetic/PET/PET_0077.png,PET
resultados/03_compose_synthetic/data/synthetic/PET/PET_0078.png,PET
resultados/03_compose_synthetic/data/synthetic/PET/PET_0079.png,PET
resultados/03_compose_synthetic/data/synthetic/PET/PET_0080.png,PET
resultados/03_compose_synthetic/data/synthetic/PET/PET_0081.png,PET
resultados/03_compose_synthetic/data/synthetic/PET/PET_0082.png,PET
resultados/03_compose_synthetic/data/synthetic/PET/PET_0083.png,PET
resultados/03_compose_synthetic/data/synthetic/PET/PET_0084.png,PET
resultados/03_compose_synthetic/data/synthetic/PET/PET_0085.png,PET
resultados/03_compose_synthetic/data/synthetic/PET/PET_0086.png,PET
resultados/03_compose_synthetic/data/synthetic/PET/PET_0087.png,PET
resultados/03_compose_synthetic/data/synthetic/PET/PET_0088.png,PET
resultados/03_compose_synthetic/data/synthetic/PET/PET_0089.png,PET
resultados/03_compose_synthetic/data/synthetic/PET/PET_0090.png,PET
resultados/03_compose_synthetic/data/synthetic/PET/PET_0091.png,PET
resultados/03_compose_synthetic/data/synthetic/PET/PET_0092.png,PET
resultados/03_compose_synthetic/data/synthetic/PET/PET_0093.png,PET
resultados/03_compose_synthetic/data/synthetic/PET/PET_0094.png,PET
resultados/03_compose_synthetic/data/synthetic/PET/PET_0095.png,PET
resultados/03_compose_synthetic/data/synthetic/PET/PET_0096.png,PET
resultados/03_compose_synthetic/data/synthetic/PET/PET_0097.png,PET
resultados/03_compose_synthetic/data/synthetic/PET/PET_0098.png,PET
resultados/03_compose_synthetic/data/synthetic/PET/PET_0099.png,PET
resultados/03_compose_synthetic/data/synthetic/PET/PET_0100.png,PET
resultados/03_compose_synthetic/data/synthetic/PET/PET_0101.png,PET
resultados/03_compose_synthetic/data/synthetic/PET/PET_0102.png,PET
resultados/03_compose_synthetic/data/synthetic/PET/PET_0103.png,PET
resultados/03_compose_synthetic/data/synthetic/PET/PET_0104.png,PET
resultados/03_compose_synthetic/data/synthetic/PET/PET_0105.png,PET
resultados/03_compose_synthetic/data/synthetic/PET/PET_0106.png,PET
resultados/03_compose_synthetic/data/synthetic/PET/PET_0107.png,PET
resultados/03_compose_synthetic/data/synthetic/PET/PET_0108.png,PET
resultados/03_compose_synthetic/data/synthetic/PET/PET_0109.png,PET
resultados/03_compose_synthetic/data/synthetic/PET/PET_0110.png,PET
resultados/03_compose_synthetic/data/synthetic/PET/PET_0111.png,PET
resultados/03_compose_synthetic/data/synthetic/PET/PET_0112.png,PET
resultados/03_compose_synthetic/data/synthetic/PET/PET_0113.png,PET
resultados/03_compose_synthetic/data/synthetic/PET/PET_0114.png,PET
resultados/03_compose_synthetic/data/synthetic/PET/PET_0115.png,PET
resultados/03_compose_synthetic/data/synthetic/PET/PET_0116.png,PET
resultados/03_compose_synthetic/data/synthetic/PET/PET_0117.png,PET
resultados/03_compose_synthetic/data/synthetic/PET/PET_0118.png,PET
resultados/03_compose_synthetic/data/synthetic/PET/PET_0119.png,PET
resultados/03_compose_synthetic/data/synthetic/PET/PET_0120.png,PET
resultados/03_compose_synthetic/data/synthetic/PET/PET_0121.png,PET
resultados/03_compose_synthetic/data/synthetic/PET/PET_0122.png,PET
resultados/03_compose_synthetic/data/synthetic/PET/PET_0123.png,PET
resultados/03_compose_synthetic/data/synthetic/PET/PET_0124.png,PET
resultados/03_compose_synthetic/data/synthetic/PET/PET_0125.png,PET
resultados/03_compose_synthetic/data/synthetic/PET/PET_0126.png,PET
resultados/03_compose_synthetic/data/synthetic/PET/PET_0127.png,PET
resultados/03_compose_synthetic/data/synthetic/PET/PET_0128.png,PET
resultados/03_compose_synthetic/data/synthetic/PET/PET_0129.png,PET
resultados/03_compose_synthetic/data/synthetic/PET/PET_0130.png,PET
resultados/03_compose_synthetic/data/synthetic/PET/PET_0131.png,PET
resultados/03_compose_synthetic/data/synthetic/PET/PET_0132.png,PET
resultados/03_compose_synthetic/data/synthetic/PET/PET_0133.png,PET
resultados/03_compose_synthetic/data/synthetic/PET/PET_0134.png,PET
resultados/03_compose_synthetic/data/synthetic/PET/PET_0135.png,PET
resultados/03_compose_synthetic/data/synthetic/PET/PET_0136.png,PET
resultados/03_compose_synthetic/data/synthetic/PET/PET_0137.png,PET
resultados/03_compose_synthetic/data/synthetic/PET/PET_0138.png,PET
resultados/03_compose_synthetic/data/synthetic/PET/PET_0139.png,PET
resultados/03_compose_synthetic/data/synthetic/PET/PET_0140.png,PET
resultados/03_compose_synthetic/data/synthetic/PET/PET_0141.png,PET
resultados/03_compose_synthetic/data/synthetic/PET/PET_0142.png,PET
resultados/03_compose_synthetic/data/synthetic/PET/PET_0143.png,PET
resultados/03_compose_synthetic/data/synthetic/PET/PET_0144.png,PET
resultados/03_compose_synthetic/data/synthetic/PET/PET_0145.png,PET
resultados/03_compose_synthetic/data/synthetic/PET/PET_0146.png,PET
resultados/03_compose_synthetic/data/synthetic/PET/PET_0147.png,PET
resultados/03_compose_synthetic/data/synthetic/PET/PET_0148.png,PET
resultados/03_compose_synthetic/data/synthetic/PET/PET_0149.png,PET
resultados/03_compose_synthetic/data/synthetic/PET/PET_0150.png,PET
resultados/03_compose_synthetic/data/synthetic/PET/PET_0151.png,PET
resultados/03_compose_synthetic/data/synthetic/PET/PET_0152.png,PET
resultados/03_compose_synthetic/data/synthetic/PET/PET_0153.png,PET
resultados/03_compose_synthetic/data/synthetic/PET/PET_0154.png,PET
resultados/03_compose_synthetic/data/synthetic/PET/PET_0155.png,PET
resultados/03_compose_synthetic/data/synthetic/PET/PET_0156.png,PET
resultados/03_compose_synthetic/data/synthetic/PET/PET_0157.png,PET
resultados/03_compose_synthetic/data/synthetic/PET/PET_0158.png,PET
resultados/03_compose_synthetic/data/synthetic/PET/PET_0159.png,PET
resultados/03_compose_synthetic/data/synthetic/PET/PET_0160.png,PET
resultados/03_compose_synthetic/data/synthetic/PET/PET_0161.png,PET
resultados/03_compose_synthetic/data/synthetic/PET/PET_0162.png,PET
resultados/03_compose_synthetic/data/synthetic/PET/PET_0163.png,PET
resultados/03_compose_synthetic/data/synthetic/PET/PET_0164.png,PET
resultados/03_compose_synthetic/data/synthetic/PET/PET_0165.png,PET
resultados/03_compose_synthetic/data/synthetic/PET/PET_0166.png,PET
resultados/03_compose_synthetic/data/synthetic/PET/PET_0167.png,PET
resultados/03_compose_synthetic/data/synthetic/PET/PET_0168.png,PET
resultados/03_compose_synthetic/data/synthetic/PET/PET_0169.png,PET
resultados/03_compose_synthetic/data/synthetic/PET/PET_0170.png,PET
resultados/03_compose_synthetic/data/synthetic/PET/PET_0171.png,PET
resultados/03_compose_synthetic/data/synthetic/PET/PET_0172.png,PET
resultados/03_compose_synthetic/data/synthetic/PET/PET_0173.png,PET
resultados/03_compose_synthetic/data/synthetic/PET/PET_0174.png,PET
resultados/03_compose_synthetic/data/synthetic/PET/PET_0175.png,PET
resultados/03_compose_synthetic/data/synthetic/PET/PET_0176.png,PET
resultados/03_compose_synthetic/data/synthetic/PET/PET_0177.png,PET
resultados/03_compose_synthetic/data/synthetic/PET/PET_0178.png,PET
resultados/03_compose_synthetic/data/synthetic/PET/PET_0179.png,PET
resultados/03_compose_synthetic/data/synthetic/PET/PET_0180.png,PET
resultados/03_compose_synthetic/data/synthetic/PET/PET_0181.png,PET
resultados/03_compose_synthetic/data/synthetic/PET/PET_0182.png,PET
resultados/03_compose_synthetic/data/synthetic/PET/PET_0183.png,PET
resultados/03_compose_synthetic/data/synthetic/PET/PET_0184.png,PET
resultados/03_compose_synthetic/data/synthetic/PET/PET_0185.png,PET
resultados/03_compose_synthetic/data/synthetic/PET/PET_0186.png,PET
resultados/03_compose_synthetic/data/synthetic/PET/PET_0187.png,PET
resultados/03_compose_synthetic/data/synthetic/PET/PET_0188.png,PET
resultados/03_compose_synthetic/data/synthetic/PET/PET_0189.png,PET
resultados/03_compose_synthetic/data/synthetic/PET/PET_0190.png,PET
resultados/03_compose_synthetic/data/synthetic/PET/PET_0191.png,PET
resultados/03_compose_synthetic/data/synthetic/PET/PET_0192.png,PET
resultados/03_compose_synthetic/data/synthetic/PET/PET_0193.png,PET
resultados/03_compose_synthetic/data/synthetic/PET/PET_0194.png,PET
resultados/03_compose_synthetic/data/synthetic/PET/PET_0195.png,PET
resultados/03_compose_synthetic/data/synthetic/PET/PET_0196.png,PET
resultados/03_compose_synthetic/data/synthetic/PET/PET_0197.png,PET
resultados/03_compose_synthetic/data/synthetic/PET/PET_0198.png,PET
resultados/03_compose_synthetic/data/synthetic/PET/PET_0199.png,PET
resultados/03_compose_synthetic/data/synthetic/PET/PET_0200.png,PET
resultados/03_compose_synthetic/data/synthetic/PET/PET_0201.png,PET
resultados/03_compose_synthetic/data/synthetic/PET/PET_0202.png,PET
resultados/03_compose_synthetic/data/synthetic/PET/PET_0203.png,PET
resultados/03_compose_synthetic/data/synthetic/PET/PET_0204.png,PET
resultados/03_compose_synthetic/data/synthetic/PET/PET_0205.png,PET
resultados/03_compose_synthetic/data/synthetic/PET/PET_0206.png,PET
resultados/03_compose_synthetic/data/synthetic/PET/PET_0207.png,PET
resultados/03_compose_synthetic/data/synthetic/PET/PET_0208.png,PET
resultados/03_compose_synthetic/data/synthetic/PET/PET_0209.png,PET
resultados/03_compose_synthetic/data/synthetic/PET/PET_0210.png,PET
resultados/03_compose_synthetic/data/synthetic/PET/PET_0211.png,PET
resultados/03_compose_synthetic/data/synthetic/PET/PET_0212.png,PET
resultados/03_compose_synthetic/data/synthetic/PET/PET_0213.png,PET
resultados/03_compose_synthetic/data/synthetic/PET/PET_0214.png,PET
resultados/03_compose_synthetic/data/synthetic/PET/PET_0215.png,PET
resultados/03_compose_synthetic/data/synthetic/PET/PET_0216.png,PET
resultados/03_compose_synthetic/data/synthetic/PET/PET_0217.png,PET
resultados/03_compose_synthetic/data/synthetic/PET/PET_0218.png,PET
resultados/03_compose_synthetic/data/synthetic/PET/PET_0219.png,PET
resultados/03_compose_synthetic/data/synthetic/PET/PET_0220.png,PET
resultados/03_compose_synthetic/data/synthetic/PET/PET_0221.png,PET
resultados/03_compose_synthetic/data/synthetic/PET/PET_0222.png,PET
resultados/03_compose_synthetic/data/synthetic/PET/PET_0223.png,PET
resultados/03_compose_synthetic/data/synthetic/PET/PET_0224.png,PET
resultados/03_compose_synthetic/data/synthetic/PET/PET_0225.png,PET
resultados/03_compose_synthetic/data/synthetic/PET/PET_0226.png,PET
resultados/03_compose_synthetic/data/synthetic/PET/PET_0227.png,PET
resultados/03_compose_synthetic/data/synthetic/PET/PET_0228.png,PET
resultados/03_compose_synthetic/data/synthetic/PET/PET_0229.png,PET
resultados/03_compose_synthetic/data/synthetic/PET/PET_0230.png,PET
resultados/03_compose_synthetic/data/synthetic/PET/PET_0231.png,PET
resultados/03_compose_synthetic/data/synthetic/PET/PET_0232.png,PET
resultados/03_compose_synthetic/data/synthetic/PET/PET_0233.png,PET
resultados/03_compose_synthetic/data/synthetic/PET/PET_0234.png,PET
resultados/03_compose_synthetic/data/synthetic/PET/PET_0235.png,PET
resultados/03_compose_synthetic/data/synthetic/PET/PET_0236.png,PET
resultados/03_compose_synthetic/data/synthetic/PET/PET_0237.png,PET
resultados/03_compose_synthetic/data/synthetic/PET/PET_0238.png,PET
resultados/03_compose_synthetic/data/synthetic/PET/PET_0239.png,PET
resultados/03_compose_synthetic/data/synthetic/PET/PET_0240.png,PET
resultados/03_compose_synthetic/data/synthetic/PET/PET_0241.png,PET
resultados/03_compose_synthetic/data/synthetic/PET/PET_0242.png,PET
resultados/03_compose_synthetic/data/synthetic/PET/PET_0243.png,PET
resultados/03_compose_synthetic/data/synthetic/PET/PET_0244.png,PET
resultados/03_compose_synthetic/data/synthetic/PET/PET_0245.png,PET
resultados/03_compose_synthetic/data/synthetic/PET/PET_0246.png,PET
resultados/03_compose_synthetic/data/synthetic/PET/PET_0247.png,PET
resultados/03_compose_synthetic/data/synthetic/PET/PET_0248.png,PET
resultados/03_compose_synthetic/data/synthetic/PET/PET_0249.png,PET
resultados/03_compose_synthetic/data/synthetic/PP/PP_0000.png,PP
resultados/03_compose_synthetic/data/synthetic/PP/PP_0001.png,PP
resultados/03_compose_synthetic/data/synthetic/PP/PP_0002.png,PP
resultados/03_compose_synthetic/data/synthetic/PP/PP_0003.png,PP
resultados/03_compose_synthetic/data/synthetic/PP/PP_0004.png,PP
resultados/03_compose_synthetic/data/synthetic/PP/PP_0005.png,PP
resultados/03_compose_synthetic/data/synthetic/PP/PP_0006.png,PP
resultados/03_compose_synthetic/data/synthetic/PP/PP_0007.png,PP
resultados/03_compose_synthetic/data/synthetic/PP/PP_0008.png,PP
resultados/03_compose_synthetic/data/synthetic/PP/PP_0009.png,PP
resultados/03_compose_synthetic/data/synthetic/PP/PP_0010.png,PP
resultados/03_compose_synthetic/data/synthetic/PP/PP_0011.png,PP
resultados/03_compose_synthetic/data/synthetic/PP/PP_0012.png,PP
resultados/03_compose_synthetic/data/synthetic/PP/PP_0013.png,PP
resultados/03_compose_synthetic/data/synthetic/PP/PP_0014.png,PP
resultados/03_compose_synthetic/data/synthetic/PP/PP_0015.png,PP
resultados/03_compose_synthetic/data/synthetic/PP/PP_0016.png,PP
resultados/03_compose_synthetic/data/synthetic/PP/PP_0017.png,PP
resultados/03_compose_synthetic/data/synthetic/PP/PP_0018.png,PP
resultados/03_compose_synthetic/data/synthetic/PP/PP_0019.png,PP
resultados/03_compose_synthetic/data/synthetic/PP/PP_0020.png,PP
resultados/03_compose_synthetic/data/synthetic/PP/PP_0021.png,PP
resultados/03_compose_synthetic/data/synthetic/PP/PP_0022.png,PP
resultados/03_compose_synthetic/data/synthetic/PP/PP_0023.png,PP
resultados/03_compose_synthetic/data/synthetic/PP/PP_0024.png,PP
resultados/03_compose_synthetic/data/synthetic/PP/PP_0025.png,PP
resultados/03_compose_synthetic/data/synthetic/PP/PP_0026.png,PP
resultados/03_compose_synthetic/data/synthetic/PP/PP_0027.png,PP
resultados/03_compose_synthetic/data/synthetic/PP/PP_0028.png,PP
resultados/03_compose_synthetic/data/synthetic/PP/PP_0029.png,PP
resultados/03_compose_synthetic/data/synthetic/PP/PP_0030.png,PP
resultados/03_compose_synthetic/data/synthetic/PP/PP_0031.png,PP
resultados/03_compose_synthetic/data/synthetic/PP/PP_0032.png,PP
resultados/03_compose_synthetic/data/synthetic/PP/PP_0033.png,PP
resultados/03_compose_synthetic/data/synthetic/PP/PP_0034.png,PP
resultados/03_compose_synthetic/data/synthetic/PP/PP_0035.png,PP
resultados/03_compose_synthetic/data/synthetic/PP/PP_0036.png,PP
resultados/03_compose_synthetic/data/synthetic/PP/PP_0037.png,PP
resultados/03_compose_synthetic/data/synthetic/PP/PP_0038.png,PP
resultados/03_compose_synthetic/data/synthetic/PP/PP_0039.png,PP
resultados/03_compose_synthetic/data/synthetic/PP/PP_0040.png,PP
resultados/03_compose_synthetic/data/synthetic/PP/PP_0041.png,PP
resultados/03_compose_synthetic/data/synthetic/PP/PP_0042.png,PP
resultados/03_compose_synthetic/data/synthetic/PP/PP_0043.png,PP
resultados/03_compose_synthetic/data/synthetic/PP/PP_0044.png,PP
resultados/03_compose_synthetic/data/synthetic/PP/PP_0045.png,PP
resultados/03_compose_synthetic/data/synthetic/PP/PP_0046.png,PP
resultados/03_compose_synthetic/data/synthetic/PP/PP_0047.png,PP
resultados/03_compose_synthetic/data/synthetic/PP/PP_0048.png,PP
resultados/03_compose_synthetic/data/synthetic/PP/PP_0049.png,PP
resultados/03_compose_synthetic/data/synthetic/PP/PP_0050.png,PP
resultados/03_compose_synthetic/data/synthetic/PP/PP_0051.png,PP
resultados/03_compose_synthetic/data/synthetic/PP/PP_0052.png,PP
resultados/03_compose_synthetic/data/synthetic/PP/PP_0053.png,PP
resultados/03_compose_synthetic/data/synthetic/PP/PP_0054.png,PP
resultados/03_compose_synthetic/data/synthetic/PP/PP_0055.png,PP
resultados/03_compose_synthetic/data/synthetic/PP/PP_0056.png,PP
resultados/03_compose_synthetic/data/synthetic/PP/PP_0057.png,PP
resultados/03_compose_synthetic/data/synthetic/PP/PP_0058.png,PP
resultados/03_compose_synthetic/data/synthetic/PP/PP_0059.png,PP
resultados/03_compose_synthetic/data/synthetic/PP/PP_0060.png,PP
resultados/03_compose_synthetic/data/synthetic/PP/PP_0061.png,PP
resultados/03_compose_synthetic/data/synthetic/PP/PP_0062.png,PP
resultados/03_compose_synthetic/data/synthetic/PP/PP_0063.png,PP
resultados/03_compose_synthetic/data/synthetic/PP/PP_0064.png,PP
resultados/03_compose_synthetic/data/synthetic/PP/PP_0065.png,PP
resultados/03_compose_synthetic/data/synthetic/PP/PP_0066.png,PP
resultados/03_compose_synthetic/data/synthetic/PP/PP_0067.png,PP
resultados/03_compose_synthetic/data/synthetic/PP/PP_0068.png,PP
resultados/03_compose_synthetic/data/synthetic/PP/PP_0069.png,PP
resultados/03_compose_synthetic/data/synthetic/PP/PP_0070.png,PP
resultados/03_compose_synthetic/data/synthetic/PP/PP_0071.png,PP
resultados/03_compose_synthetic/data/synthetic/PP/PP_0072.png,PP
resultados/03_compose_synthetic/data/synthetic/PP/PP_0073.png,PP
resultados/03_compose_synthetic/data/synthetic/PP/PP_0074.png,PP
resultados/03_compose_synthetic/data/synthetic/PP/PP_0075.png,PP
resultados/03_compose_synthetic/data/synthetic/PP/PP_0076.png,PP
resultados/03_compose_synthetic/data/synthetic/PP/PP_0077.png,PP
resultados/03_compose_synthetic/data/synthetic/PP/PP_0078.png,PP
resultados/03_compose_synthetic/data/synthetic/PP/PP_0079.png,PP
resultados/03_compose_synthetic/data/synthetic/PP/PP_0080.png,PP
resultados/03_compose_synthetic/data/synthetic/PP/PP_0081.png,PP
resultados/03_compose_synthetic/data/synthetic/PP/PP_0082.png,PP
resultados/03_compose_synthetic/data/synthetic/PP/PP_0083.png,PP
resultados/03_compose_synthetic/data/synthetic/PP/PP_0084.png,PP
resultados/03_compose_synthetic/data/synthetic/PP/PP_0085.png,PP
resultados/03_compose_synthetic/data/synthetic/PP/PP_0086.png,PP
resultados/03_compose_synthetic/data/synthetic/PP/PP_0087.png,PP
resultados/03_compose_synthetic/data/synthetic/PP/PP_0088.png,PP
resultados/03_compose_synthetic/data/synthetic/PP/PP_0089.png,PP
resultados/03_compose_synthetic/data/synthetic/PP/PP_0090.png,PP
resultados/03_compose_synthetic/data/synthetic/PP/PP_0091.png,PP
resultados/03_compose_synthetic/data/synthetic/PP/PP_0092.png,PP
resultados/03_compose_synthetic/data/synthetic/PP/PP_0093.png,PP
resultados/03_compose_synthetic/data/synthetic/PP/PP_0094.png,PP
resultados/03_compose_synthetic/data/synthetic/PP/PP_0095.png,PP
resultados/03_compose_synthetic/data/synthetic/PP/PP_0096.png,PP
resultados/03_compose_synthetic/data/synthetic/PP/PP_0097.png,PP
resultados/03_compose_synthetic/data/synthetic/PP/PP_0098.png,PP
resultados/03_compose_synthetic/data/synthetic/PP/PP_0099.png,PP
resultados/03_compose_synthetic/data/synthetic/PP/PP_0100.png,PP
resultados/03_compose_synthetic/data/synthetic/PP/PP_0101.png,PP
resultados/03_compose_synthetic/data/synthetic/PP/PP_0102.png,PP
resultados/03_compose_synthetic/data/synthetic/PP/PP_0103.png,PP
resultados/03_compose_synthetic/data/synthetic/PP/PP_0104.png,PP
resultados/03_compose_synthetic/data/synthetic/PP/PP_0105.png,PP
resultados/03_compose_synthetic/data/synthetic/PP/PP_0106.png,PP
resultados/03_compose_synthetic/data/synthetic/PP/PP_0107.png,PP
resultados/03_compose_synthetic/data/synthetic/PP/PP_0108.png,PP
resultados/03_compose_synthetic/data/synthetic/PP/PP_0109.png,PP
resultados/03_compose_synthetic/data/synthetic/PP/PP_0110.png,PP
resultados/03_compose_synthetic/data/synthetic/PP/PP_0111.png,PP
resultados/03_compose_synthetic/data/synthetic/PP/PP_0112.png,PP
resultados/03_compose_synthetic/data/synthetic/PP/PP_0113.png,PP
resultados/03_compose_synthetic/data/synthetic/PP/PP_0114.png,PP
resultados/03_compose_synthetic/data/synthetic/PP/PP_0115.png,PP
resultados/03_compose_synthetic/data/synthetic/PP/PP_0116.png,PP
resultados/03_compose_synthetic/data/synthetic/PP/PP_0117.png,PP
resultados/03_compose_synthetic/data/synthetic/PP/PP_0118.png,PP
resultados/03_compose_synthetic/data/synthetic/PP/PP_0119.png,PP
resultados/03_compose_synthetic/data/synthetic/PP/PP_0120.png,PP
resultados/03_compose_synthetic/data/synthetic/PP/PP_0121.png,PP
resultados/03_compose_synthetic/data/synthetic/PP/PP_0122.png,PP
resultados/03_compose_synthetic/data/synthetic/PP/PP_0123.png,PP
resultados/03_compose_synthetic/data/synthetic/PP/PP_0124.png,PP
resultados/03_compose_synthetic/data/synthetic/PP/PP_0125.png,PP
resultados/03_compose_synthetic/data/synthetic/PP/PP_0126.png,PP
resultados/03_compose_synthetic/data/synthetic/PP/PP_0127.png,PP
resultados/03_compose_synthetic/data/synthetic/PP/PP_0128.png,PP
resultados/03_compose_synthetic/data/synthetic/PP/PP_0129.png,PP
resultados/03_compose_synthetic/data/synthetic/PP/PP_0130.png,PP
resultados/03_compose_synthetic/data/synthetic/PP/PP_0131.png,PP
resultados/03_compose_synthetic/data/synthetic/PP/PP_0132.png,PP
resultados/03_compose_synthetic/data/synthetic/PP/PP_0133.png,PP
resultados/03_compose_synthetic/data/synthetic/PP/PP_0134.png,PP
resultados/03_compose_synthetic/data/synthetic/PP/PP_0135.png,PP
resultados/03_compose_synthetic/data/synthetic/PP/PP_0136.png,PP
resultados/03_compose_synthetic/data/synthetic/PP/PP_0137.png,PP
resultados/03_compose_synthetic/data/synthetic/PP/PP_0138.png,PP
resultados/03_compose_synthetic/data/synthetic/PP/PP_0139.png,PP
resultados/03_compose_synthetic/data/synthetic/PP/PP_0140.png,PP
resultados/03_compose_synthetic/data/synthetic/PP/PP_0141.png,PP
resultados/03_compose_synthetic/data/synthetic/PP/PP_0142.png,PP
resultados/03_compose_synthetic/data/synthetic/PP/PP_0143.png,PP
resultados/03_compose_synthetic/data/synthetic/PP/PP_0144.png,PP
resultados/03_compose_synthetic/data/synthetic/PP/PP_0145.png,PP
resultados/03_compose_synthetic/data/synthetic/PP/PP_0146.png,PP
resultados/03_compose_synthetic/data/synthetic/PP/PP_0147.png,PP
resultados/03_compose_synthetic/data/synthetic/PP/PP_0148.png,PP
resultados/03_compose_synthetic/data/synthetic/PP/PP_0149.png,PP
resultados/03_compose_synthetic/data/synthetic/PP/PP_0150.png,PP
resultados/03_compose_synthetic/data/synthetic/PP/PP_0151.png,PP
resultados/03_compose_synthetic/data/synthetic/PP/PP_0152.png,PP
resultados/03_compose_synthetic/data/synthetic/PP/PP_0153.png,PP
resultados/03_compose_synthetic/data/synthetic/PP/PP_0154.png,PP
resultados/03_compose_synthetic/data/synthetic/PP/PP_0155.png,PP
resultados/03_compose_synthetic/data/synthetic/PP/PP_0156.png,PP
resultados/03_compose_synthetic/data/synthetic/PP/PP_0157.png,PP
resultados/03_compose_synthetic/data/synthetic/PP/PP_0158.png,PP
resultados/03_compose_synthetic/data/synthetic/PP/PP_0159.png,PP
resultados/03_compose_synthetic/data/synthetic/PP/PP_0160.png,PP
resultados/03_compose_synthetic/data/synthetic/PP/PP_0161.png,PP
resultados/03_compose_synthetic/data/synthetic/PP/PP_0162.png,PP
resultados/03_compose_synthetic/data/synthetic/PP/PP_0163.png,PP
resultados/03_compose_synthetic/data/synthetic/PP/PP_0164.png,PP
resultados/03_compose_synthetic/data/synthetic/PP/PP_0165.png,PP
resultados/03_compose_synthetic/data/synthetic/PP/PP_0166.png,PP
resultados/03_compose_synthetic/data/synthetic/PP/PP_0167.png,PP
resultados/03_compose_synthetic/data/synthetic/PP/PP_0168.png,PP
resultados/03_compose_synthetic/data/synthetic/PP/PP_0169.png,PP
resultados/03_compose_synthetic/data/synthetic/PP/PP_0170.png,PP
resultados/03_compose_synthetic/data/synthetic/PP/PP_0171.png,PP
resultados/03_compose_synthetic/data/synthetic/PP/PP_0172.png,PP
resultados/03_compose_synthetic/data/synthetic/PP/PP_0173.png,PP
resultados/03_compose_synthetic/data/synthetic/PP/PP_0174.png,PP
resultados/03_compose_synthetic/data/synthetic/PP/PP_0175.png,PP
resultados/03_compose_synthetic/data/synthetic/PP/PP_0176.png,PP
resultados/03_compose_synthetic/data/synthetic/PP/PP_0177.png,PP
resultados/03_compose_synthetic/data/synthetic/PP/PP_0178.png,PP
resultados/03_compose_synthetic/data/synthetic/PP/PP_0179.png,PP
resultados/03_compose_synthetic/data/synthetic/PP/PP_0180.png,PP
resultados/03_compose_synthetic/data/synthetic/PP/PP_0181.png,PP
resultados/03_compose_synthetic/data/synthetic/PP/PP_0182.png,PP
resultados/03_compose_synthetic/data/synthetic/PP/PP_0183.png,PP
resultados/03_compose_synthetic/data/synthetic/PP/PP_0184.png,PP
resultados/03_compose_synthetic/data/synthetic/PP/PP_0185.png,PP
resultados/03_compose_synthetic/data/synthetic/PP/PP_0186.png,PP
resultados/03_compose_synthetic/data/synthetic/PP/PP_0187.png,PP
resultados/03_compose_synthetic/data/synthetic/PP/PP_0188.png,PP
resultados/03_compose_synthetic/data/synthetic/PP/PP_0189.png,PP
resultados/03_compose_synthetic/data/synthetic/PP/PP_0190.png,PP
resultados/03_compose_synthetic/data/synthetic/PP/PP_0191.png,PP
resultados/03_compose_synthetic/data/synthetic/PP/PP_0192.png,PP
resultados/03_compose_synthetic/data/synthetic/PP/PP_0193.png,PP
resultados/03_compose_synthetic/data/synthetic/PP/PP_0194.png,PP
resultados/03_compose_synthetic/data/synthetic/PP/PP_0195.png,PP
resultados/03_compose_synthetic/data/synthetic/PP/PP_0196.png,PP
resultados/03_compose_synthetic/data/synthetic/PP/PP_0197.png,PP
resultados/03_compose_synthetic/data/synthetic/PP/PP_0198.png,PP
resultados/03_compose_synthetic/data/synthetic/PP/PP_0199.png,PP
resultados/03_compose_synthetic/data/synthetic/PP/PP_0200.png,PP
resultados/03_compose_synthetic/data/synthetic/PP/PP_0201.png,PP
resultados/03_compose_synthetic/data/synthetic/PP/PP_0202.png,PP
resultados/03_compose_synthetic/data/synthetic/PP/PP_0203.png,PP
resultados/03_compose_synthetic/data/synthetic/PP/PP_0204.png,PP
resultados/03_compose_synthetic/data/synthetic/PP/PP_0205.png,PP
resultados/03_compose_synthetic/data/synthetic/PP/PP_0206.png,PP
resultados/03_compose_synthetic/data/synthetic/PP/PP_0207.png,PP
resultados/03_compose_synthetic/data/synthetic/PP/PP_0208.png,PP
resultados/03_compose_synthetic/data/synthetic/PP/PP_0209.png,PP
resultados/03_compose_synthetic/data/synthetic/PP/PP_0210.png,PP
resultados/03_compose_synthetic/data/synthetic/PP/PP_0211.png,PP
resultados/03_compose_synthetic/data/synthetic/PP/PP_0212.png,PP
resultados/03_compose_synthetic/data/synthetic/PP/PP_0213.png,PP
resultados/03_compose_synthetic/data/synthetic/PP/PP_0214.png,PP
resultados/03_compose_synthetic/data/synthetic/PP/PP_0215.png,PP
resultados/03_compose_synthetic/data/synthetic/PP/PP_0216.png,PP
resultados/03_compose_synthetic/data/synthetic/PP/PP_0217.png,PP
resultados/03_compose_synthetic/data/synthetic/PP/PP_0218.png,PP
resultados/03_compose_synthetic/data/synthetic/PP/PP_0219.png,PP
resultados/03_compose_synthetic/data/synthetic/PP/PP_0220.png,PP
resultados/03_compose_synthetic/data/synthetic/PP/PP_0221.png,PP
resultados/03_compose_synthetic/data/synthetic/PP/PP_0222.png,PP
resultados/03_compose_synthetic/data/synthetic/PP/PP_0223.png,PP
resultados/03_compose_synthetic/data/synthetic/PP/PP_0224.png,PP
resultados/03_compose_synthetic/data/synthetic/PP/PP_0225.png,PP
resultados/03_compose_synthetic/data/synthetic/PP/PP_0226.png,PP
resultados/03_compose_synthetic/data/synthetic/PP/PP_0227.png,PP
resultados/03_compose_synthetic/data/synthetic/PP/PP_0228.png,PP
resultados/03_compose_synthetic/data/synthetic/PP/PP_0229.png,PP
resultados/03_compose_synthetic/data/synthetic/PP/PP_0230.png,PP
resultados/03_compose_synthetic/data/synthetic/PP/PP_0231.png,PP
resultados/03_compose_synthetic/data/synthetic/PP/PP_0232.png,PP
resultados/03_compose_synthetic/data/synthetic/PP/PP_0233.png,PP
resultados/03_compose_synthetic/data/synthetic/PP/PP_0234.png,PP
resultados/03_compose_synthetic/data/synthetic/PP/PP_0235.png,PP
resultados/03_compose_synthetic/data/synthetic/PP/PP_0236.png,PP
resultados/03_compose_synthetic/data/synthetic/PP/PP_0237.png,PP
resultados/03_compose_synthetic/data/synthetic/PP/PP_0238.png,PP
resultados/03_compose_synthetic/data/synthetic/PP/PP_0239.png,PP
resultados/03_compose_synthetic/data/synthetic/PP/PP_0240.png,PP
resultados/03_compose_synthetic/data/synthetic/PP/PP_0241.png,PP
resultados/03_compose_synthetic/data/synthetic/PP/PP_0242.png,PP
resultados/03_compose_synthetic/data/synthetic/PP/PP_0243.png,PP
resultados/03_compose_synthetic/data/synthetic/PP/PP_0244.png,PP
resultados/03_compose_synthetic/data/synthetic/PP/PP_0245.png,PP
resultados/03_compose_synthetic/data/synthetic/PP/PP_0246.png,PP
resultados/03_compose_synthetic/data/synthetic/PP/PP_0247.png,PP
resultados/03_compose_synthetic/data/synthetic/PP/PP_0248.png,PP
resultados/03_compose_synthetic/data/synthetic/PP/PP_0249.png,PP
resultados/03_compose_synthetic/data/synthetic/PS/PS_0000.png,PS
resultados/03_compose_synthetic/data/synthetic/PS/PS_0001.png,PS
resultados/03_compose_synthetic/data/synthetic/PS/PS_0002.png,PS
resultados/03_compose_synthetic/data/synthetic/PS/PS_0003.png,PS
resultados/03_compose_synthetic/data/synthetic/PS/PS_0004.png,PS
resultados/03_compose_synthetic/data/synthetic/PS/PS_0005.png,PS
resultados/03_compose_synthetic/data/synthetic/PS/PS_0006.png,PS
resultados/03_compose_synthetic/data/synthetic/PS/PS_0007.png,PS
resultados/03_compose_synthetic/data/synthetic/PS/PS_0008.png,PS
resultados/03_compose_synthetic/data/synthetic/PS/PS_0009.png,PS
resultados/03_compose_synthetic/data/synthetic/PS/PS_0010.png,PS
resultados/03_compose_synthetic/data/synthetic/PS/PS_0011.png,PS
resultados/03_compose_synthetic/data/synthetic/PS/PS_0012.png,PS
resultados/03_compose_synthetic/data/synthetic/PS/PS_0013.png,PS
resultados/03_compose_synthetic/data/synthetic/PS/PS_0014.png,PS
resultados/03_compose_synthetic/data/synthetic/PS/PS_0015.png,PS
resultados/03_compose_synthetic/data/synthetic/PS/PS_0016.png,PS
resultados/03_compose_synthetic/data/synthetic/PS/PS_0017.png,PS
resultados/03_compose_synthetic/data/synthetic/PS/PS_0018.png,PS
resultados/03_compose_synthetic/data/synthetic/PS/PS_0019.png,PS
resultados/03_compose_synthetic/data/synthetic/PS/PS_0020.png,PS
resultados/03_compose_synthetic/data/synthetic/PS/PS_0021.png,PS
resultados/03_compose_synthetic/data/synthetic/PS/PS_0022.png,PS
resultados/03_compose_synthetic/data/synthetic/PS/PS_0023.png,PS
resultados/03_compose_synthetic/data/synthetic/PS/PS_0024.png,PS
resultados/03_compose_synthetic/data/synthetic/PS/PS_0025.png,PS
resultados/03_compose_synthetic/data/synthetic/PS/PS_0026.png,PS
resultados/03_compose_synthetic/data/synthetic/PS/PS_0027.png,PS
resultados/03_compose_synthetic/data/synthetic/PS/PS_0028.png,PS
resultados/03_compose_synthetic/data/synthetic/PS/PS_0029.png,PS
resultados/03_compose_synthetic/data/synthetic/PS/PS_0030.png,PS
resultados/03_compose_synthetic/data/synthetic/PS/PS_0031.png,PS
resultados/03_compose_synthetic/data/synthetic/PS/PS_0032.png,PS
resultados/03_compose_synthetic/data/synthetic/PS/PS_0033.png,PS
resultados/03_compose_synthetic/data/synthetic/PS/PS_0034.png,PS
resultados/03_compose_synthetic/data/synthetic/PS/PS_0035.png,PS
resultados/03_compose_synthetic/data/synthetic/PS/PS_0036.png,PS
resultados/03_compose_synthetic/data/synthetic/PS/PS_0037.png,PS
resultados/03_compose_synthetic/data/synthetic/PS/PS_0038.png,PS
resultados/03_compose_synthetic/data/synthetic/PS/PS_0039.png,PS
resultados/03_compose_synthetic/data/synthetic/PS/PS_0040.png,PS
resultados/03_compose_synthetic/data/synthetic/PS/PS_0041.png,PS
resultados/03_compose_synthetic/data/synthetic/PS/PS_0042.png,PS
resultados/03_compose_synthetic/data/synthetic/PS/PS_0043.png,PS
resultados/03_compose_synthetic/data/synthetic/PS/PS_0044.png,PS
resultados/03_compose_synthetic/data/synthetic/PS/PS_0045.png,PS
resultados/03_compose_synthetic/data/synthetic/PS/PS_0046.png,PS
resultados/03_compose_synthetic/data/synthetic/PS/PS_0047.png,PS
resultados/03_compose_synthetic/data/synthetic/PS/PS_0048.png,PS
resultados/03_compose_synthetic/data/synthetic/PS/PS_0049.png,PS
resultados/03_compose_synthetic/data/synthetic/PS/PS_0050.png,PS
resultados/03_compose_synthetic/data/synthetic/PS/PS_0051.png,PS
resultados/03_compose_synthetic/data/synthetic/PS/PS_0052.png,PS
resultados/03_compose_synthetic/data/synthetic/PS/PS_0053.png,PS
resultados/03_compose_synthetic/data/synthetic/PS/PS_0054.png,PS
resultados/03_compose_synthetic/data/synthetic/PS/PS_0055.png,PS
resultados/03_compose_synthetic/data/synthetic/PS/PS_0056.png,PS
resultados/03_compose_synthetic/data/synthetic/PS/PS_0057.png,PS
resultados/03_compose_synthetic/data/synthetic/PS/PS_0058.png,PS
resultados/03_compose_synthetic/data/synthetic/PS/PS_0059.png,PS
resultados/03_compose_synthetic/data/synthetic/PS/PS_0060.png,PS
resultados/03_compose_synthetic/data/synthetic/PS/PS_0061.png,PS
resultados/03_compose_synthetic/data/synthetic/PS/PS_0062.png,PS
resultados/03_compose_synthetic/data/synthetic/PS/PS_0063.png,PS
resultados/03_compose_synthetic/data/synthetic/PS/PS_0064.png,PS
resultados/03_compose_synthetic/data/synthetic/PS/PS_0065.png,PS
resultados/03_compose_synthetic/data/synthetic/PS/PS_0066.png,PS
resultados/03_compose_synthetic/data/synthetic/PS/PS_0067.png,PS
resultados/03_compose_synthetic/data/synthetic/PS/PS_0068.png,PS
resultados/03_compose_synthetic/data/synthetic/PS/PS_0069.png,PS
resultados/03_compose_synthetic/data/synthetic/PS/PS_0070.png,PS
resultados/03_compose_synthetic/data/synthetic/PS/PS_0071.png,PS
resultados/03_compose_synthetic/data/synthetic/PS/PS_0072.png,PS
resultados/03_compose_synthetic/data/synthetic/PS/PS_0073.png,PS
resultados/03_compose_synthetic/data/synthetic/PS/PS_0074.png,PS
resultados/03_compose_synthetic/data/synthetic/PS/PS_0075.png,PS
resultados/03_compose_synthetic/data/synthetic/PS/PS_0076.png,PS
resultados/03_compose_synthetic/data/synthetic/PS/PS_0077.png,PS
resultados/03_compose_synthetic/data/synthetic/PS/PS_0078.png,PS
resultados/03_compose_synthetic/data/synthetic/PS/PS_0079.png,PS
resultados/03_compose_synthetic/data/synthetic/PS/PS_0080.png,PS
resultados/03_compose_synthetic/data/synthetic/PS/PS_0081.png,PS
resultados/03_compose_synthetic/data/synthetic/PS/PS_0082.png,PS
resultados/03_compose_synthetic/data/synthetic/PS/PS_0083.png,PS
resultados/03_compose_synthetic/data/synthetic/PS/PS_0084.png,PS
resultados/03_compose_synthetic/data/synthetic/PS/PS_0085.png,PS
resultados/03_compose_synthetic/data/synthetic/PS/PS_0086.png,PS
resultados/03_compose_synthetic/data/synthetic/PS/PS_0087.png,PS
resultados/03_compose_synthetic/data/synthetic/PS/PS_0088.png,PS
resultados/03_compose_synthetic/data/synthetic/PS/PS_0089.png,PS
resultados/03_compose_synthetic/data/synthetic/PS/PS_0090.png,PS
resultados/03_compose_synthetic/data/synthetic/PS/PS_0091.png,PS
resultados/03_compose_synthetic/data/synthetic/PS/PS_0092.png,PS
resultados/03_compose_synthetic/data/synthetic/PS/PS_0093.png,PS
resultados/03_compose_synthetic/data/synthetic/PS/PS_0094.png,PS
resultados/03_compose_synthetic/data/synthetic/PS/PS_0095.png,PS
resultados/03_compose_synthetic/data/synthetic/PS/PS_0096.png,PS
resultados/03_compose_synthetic/data/synthetic/PS/PS_0097.png,PS
resultados/03_compose_synthetic/data/synthetic/PS/PS_0098.png,PS
resultados/03_compose_synthetic/data/synthetic/PS/PS_0099.png,PS
resultados/03_compose_synthetic/data/synthetic/PS/PS_0100.png,PS
resultados/03_compose_synthetic/data/synthetic/PS/PS_0101.png,PS
resultados/03_compose_synthetic/data/synthetic/PS/PS_0102.png,PS
resultados/03_compose_synthetic/data/synthetic/PS/PS_0103.png,PS
resultados/03_compose_synthetic/data/synthetic/PS/PS_0104.png,PS
resultados/03_compose_synthetic/data/synthetic/PS/PS_0105.png,PS
resultados/03_compose_synthetic/data/synthetic/PS/PS_0106.png,PS
resultados/03_compose_synthetic/data/synthetic/PS/PS_0107.png,PS
resultados/03_compose_synthetic/data/synthetic/PS/PS_0108.png,PS
resultados/03_compose_synthetic/data/synthetic/PS/PS_0109.png,PS
resultados/03_compose_synthetic/data/synthetic/PS/PS_0110.png,PS
resultados/03_compose_synthetic/data/synthetic/PS/PS_0111.png,PS
resultados/03_compose_synthetic/data/synthetic/PS/PS_0112.png,PS
resultados/03_compose_synthetic/data/synthetic/PS/PS_0113.png,PS
resultados/03_compose_synthetic/data/synthetic/PS/PS_0114.png,PS
resultados/03_compose_synthetic/data/synthetic/PS/PS_0115.png,PS
resultados/03_compose_synthetic/data/synthetic/PS/PS_0116.png,PS
resultados/03_compose_synthetic/data/synthetic/PS/PS_0117.png,PS
resultados/03_compose_synthetic/data/synthetic/PS/PS_0118.png,PS
resultados/03_compose_synthetic/data/synthetic/PS/PS_0119.png,PS
resultados/03_compose_synthetic/data/synthetic/PS/PS_0120.png,PS
resultados/03_compose_synthetic/data/synthetic/PS/PS_0121.png,PS
resultados/03_compose_synthetic/data/synthetic/PS/PS_0122.png,PS
resultados/03_compose_synthetic/data/synthetic/PS/PS_0123.png,PS
resultados/03_compose_synthetic/data/synthetic/PS/PS_0124.png,PS
resultados/03_compose_synthetic/data/synthetic/PS/PS_0125.png,PS
resultados/03_compose_synthetic/data/synthetic/PS/PS_0126.png,PS
resultados/03_compose_synthetic/data/synthetic/PS/PS_0127.png,PS
resultados/03_compose_synthetic/data/synthetic/PS/PS_0128.png,PS
resultados/03_compose_synthetic/data/synthetic/PS/PS_0129.png,PS
resultados/03_compose_synthetic/data/synthetic/PS/PS_0130.png,PS
resultados/03_compose_synthetic/data/synthetic/PS/PS_0131.png,PS
resultados/03_compose_synthetic/data/synthetic/PS/PS_0132.png,PS
resultados/03_compose_synthetic/data/synthetic/PS/PS_0133.png,PS
resultados/03_compose_synthetic/data/synthetic/PS/PS_0134.png,PS
resultados/03_compose_synthetic/data/synthetic/PS/PS_0135.png,PS
resultados/03_compose_synthetic/data/synthetic/PS/PS_0136.png,PS
resultados/03_compose_synthetic/data/synthetic/PS/PS_0137.png,PS
resultados/03_compose_synthetic/data/synthetic/PS/PS_0138.png,PS
resultados/03_compose_synthetic/data/synthetic/PS/PS_0139.png,PS
resultados/03_compose_synthetic/data/synthetic/PS/PS_0140.png,PS
resultados/03_compose_synthetic/data/synthetic/PS/PS_0141.png,PS
resultados/03_compose_synthetic/data/synthetic/PS/PS_0142.png,PS
resultados/03_compose_synthetic/data/synthetic/PS/PS_0143.png,PS
resultados/03_compose_synthetic/data/synthetic/PS/PS_0144.png,PS
resultados/03_compose_synthetic/data/synthetic/PS/PS_0145.png,PS
resultados/03_compose_synthetic/data/synthetic/PS/PS_0146.png,PS
resultados/03_compose_synthetic/data/synthetic/PS/PS_0147.png,PS
resultados/03_compose_synthetic/data/synthetic/PS/PS_0148.png,PS
resultados/03_compose_synthetic/data/synthetic/PS/PS_0149.png,PS
resultados/03_compose_synthetic/data/synthetic/PS/PS_0150.png,PS
resultados/03_compose_synthetic/data/synthetic/PS/PS_0151.png,PS
resultados/03_compose_synthetic/data/synthetic/PS/PS_0152.png,PS
resultados/03_compose_synthetic/data/synthetic/PS/PS_0153.png,PS
resultados/03_compose_synthetic/data/synthetic/PS/PS_0154.png,PS
resultados/03_compose_synthetic/data/synthetic/PS/PS_0155.png,PS
resultados/03_compose_synthetic/data/synthetic/PS/PS_0156.png,PS
resultados/03_compose_synthetic/data/synthetic/PS/PS_0157.png,PS
resultados/03_compose_synthetic/data/synthetic/PS/PS_0158.png,PS
resultados/03_compose_synthetic/data/synthetic/PS/PS_0159.png,PS
resultados/03_compose_synthetic/data/synthetic/PS/PS_0160.png,PS
resultados/03_compose_synthetic/data/synthetic/PS/PS_0161.png,PS
resultados/03_compose_synthetic/data/synthetic/PS/PS_0162.png,PS
resultados/03_compose_synthetic/data/synthetic/PS/PS_0163.png,PS
resultados/03_compose_synthetic/data/synthetic/PS/PS_0164.png,PS
resultados/03_compose_synthetic/data/synthetic/PS/PS_0165.png,PS
resultados/03_compose_synthetic/data/synthetic/PS/PS_0166.png,PS
resultados/03_compose_synthetic/data/synthetic/PS/PS_0167.png,PS
resultados/03_compose_synthetic/data/synthetic/PS/PS_0168.png,PS
resultados/03_compose_synthetic/data/synthetic/PS/PS_0169.png,PS
resultados/03_compose_synthetic/data/synthetic/PS/PS_0170.png,PS
resultados/03_compose_synthetic/data/synthetic/PS/PS_0171.png,PS
resultados/03_compose_synthetic/data/synthetic/PS/PS_0172.png,PS
resultados/03_compose_synthetic/data/synthetic/PS/PS_0173.png,PS
resultados/03_compose_synthetic/data/synthetic/PS/PS_0174.png,PS
resultados/03_compose_synthetic/data/synthetic/PS/PS_0175.png,PS
resultados/03_compose_synthetic/data/synthetic/PS/PS_0176.png,PS
resultados/03_compose_synthetic/data/synthetic/PS/PS_0177.png,PS
resultados/03_compose_synthetic/data/synthetic/PS/PS_0178.png,PS
resultados/03_compose_synthetic/data/synthetic/PS/PS_0179.png,PS
resultados/03_compose_synthetic/data/synthetic/PS/PS_0180.png,PS
resultados/03_compose_synthetic/data/synthetic/PS/PS_0181.png,PS
resultados/03_compose_synthetic/data/synthetic/PS/PS_0182.png,PS
resultados/03_compose_synthetic/data/synthetic/PS/PS_0183.png,PS
resultados/03_compose_synthetic/data/synthetic/PS/PS_0184.png,PS
resultados/03_compose_synthetic/data/synthetic/PS/PS_0185.png,PS
resultados/03_compose_synthetic/data/synthetic/PS/PS_0186.png,PS
resultados/03_compose_synthetic/data/synthetic/PS/PS_0187.png,PS
resultados/03_compose_synthetic/data/synthetic/PS/PS_0188.png,PS
resultados/03_compose_synthetic/data/synthetic/PS/PS_0189.png,PS
resultados/03_compose_synthetic/data/synthetic/PS/PS_0190.png,PS
resultados/03_compose_synthetic/data/synthetic/PS/PS_0191.png,PS
resultados/03_compose_synthetic/data/synthetic/PS/PS_0192.png,PS
resultados/03_compose_synthetic/data/synthetic/PS/PS_0193.png,PS
resultados/03_compose_synthetic/data/synthetic/PS/PS_0194.png,PS
resultados/03_compose_synthetic/data/synthetic/PS/PS_0195.png,PS
resultados/03_compose_synthetic/data/synthetic/PS/PS_0196.png,PS
resultados/03_compose_synthetic/data/synthetic/PS/PS_0197.png,PS
resultados/03_compose_synthetic/data/synthetic/PS/PS_0198.png,PS
resultados/03_compose_synthetic/data/synthetic/PS/PS_0199.png,PS
resultados/03_compose_synthetic/data/synthetic/PS/PS_0200.png,PS
resultados/03_compose_synthetic/data/synthetic/PS/PS_0201.png,PS
resultados/03_compose_synthetic/data/synthetic/PS/PS_0202.png,PS
resultados/03_compose_synthetic/data/synthetic/PS/PS_0203.png,PS
resultados/03_compose_synthetic/data/synthetic/PS/PS_0204.png,PS
resultados/03_compose_synthetic/data/synthetic/PS/PS_0205.png,PS
resultados/03_compose_synthetic/data/synthetic/PS/PS_0206.png,PS
resultados/03_compose_synthetic/data/synthetic/PS/PS_0207.png,PS
resultados/03_compose_synthetic/data/synthetic/PS/PS_0208.png,PS
resultados/03_compose_synthetic/data/synthetic/PS/PS_0209.png,PS
resultados/03_compose_synthetic/data/synthetic/PS/PS_0210.png,PS
resultados/03_compose_synthetic/data/synthetic/PS/PS_0211.png,PS
resultados/03_compose_synthetic/data/synthetic/PS/PS_0212.png,PS
resultados/03_compose_synthetic/data/synthetic/PS/PS_0213.png,PS
resultados/03_compose_synthetic/data/synthetic/PS/PS_0214.png,PS
resultados/03_compose_synthetic/data/synthetic/PS/PS_0215.png,PS
resultados/03_compose_synthetic/data/synthetic/PS/PS_0216.png,PS
resultados/03_compose_synthetic/data/synthetic/PS/PS_0217.png,PS
resultados/03_compose_synthetic/data/synthetic/PS/PS_0218.png,PS
resultados/03_compose_synthetic/data/synthetic/PS/PS_0219.png,PS
resultados/03_compose_synthetic/data/synthetic/PS/PS_0220.png,PS
resultados/03_compose_synthetic/data/synthetic/PS/PS_0221.png,PS
resultados/03_compose_synthetic/data/synthetic/PS/PS_0222.png,PS
resultados/03_compose_synthetic/data/synthetic/PS/PS_0223.png,PS
resultados/03_compose_synthetic/data/synthetic/PS/PS_0224.png,PS
resultados/03_compose_synthetic/data/synthetic/PS/PS_0225.png,PS
resultados/03_compose_synthetic/data/synthetic/PS/PS_0226.png,PS
resultados/03_compose_synthetic/data/synthetic/PS/PS_0227.png,PS
resultados/03_compose_synthetic/data/synthetic/PS/PS_0228.png,PS
resultados/03_compose_synthetic/data/synthetic/PS/PS_0229.png,PS
resultados/03_compose_synthetic/data/synthetic/PS/PS_0230.png,PS
resultados/03_compose_synthetic/data/synthetic/PS/PS_0231.png,PS
resultados/03_compose_synthetic/data/synthetic/PS/PS_0232.png,PS
resultados/03_compose_synthetic/data/synthetic/PS/PS_0233.png,PS
resultados/03_compose_synthetic/data/synthetic/PS/PS_0234.png,PS
resultados/03_compose_synthetic/data/synthetic/PS/PS_0235.png,PS
resultados/03_compose_synthetic/data/synthetic/PS/PS_0236.png,PS
resultados/03_compose_synthetic/data/synthetic/PS/PS_0237.png,PS
resultados/03_compose_synthetic/data/synthetic/PS/PS_0238.png,PS
resultados/03_compose_synthetic/data/synthetic/PS/PS_0239.png,PS
resultados/03_compose_synthetic/data/synthetic/PS/PS_0240.png,PS
resultados/03_compose_synthetic/data/synthetic/PS/PS_0241.png,PS
resultados/03_compose_synthetic/data/synthetic/PS/PS_0242.png,PS
resultados/03_compose_synthetic/data/synthetic/PS/PS_0243.png,PS
resultados/03_compose_synthetic/data/synthetic/PS/PS_0244.png,PS
resultados/03_compose_synthetic/data/synthetic/PS/PS_0245.png,PS
resultados/03_compose_synthetic/data/synthetic/PS/PS_0246.png,PS
resultados/03_compose_synthetic/data/synthetic/PS/PS_0247.png,PS
resultados/03_compose_synthetic/data/synthetic/PS/PS_0248.png,PS
resultados/03_compose_synthetic/data/synthetic/PS/PS_0249.png,PS
