image_path,true_label,description,raw_answer,pred_label,correct
resultados/01_extract_real_crops/data/real_crops/test/PE/PE 1000X_92.png,PE,The particle is irregularly shaped and has a rough surface texture.,"Based on the description of the particle being irregularly shaped and having a rough surface texture, the best match is PE.",PE,True
resultados/01_extract_real_crops/data/real_crops/test/PE/PE 1000X_107.png,PE,"The image shows a particle with a spherical shape. The particle has a smooth, uniform surface with no visible defects or irregularities. The particle is oriented with its long axis parallel to the x-axis and its short axis parallel to the y-axis. The particle is also oriented with its center of mass at the top of the image.","Based on the description provided, the best match is PE (polyethylene).",PE,True
resultados/01_extract_real_crops/data/real_crops/test/PE/PE 1000-1_6.png,PE,"The image shows a collection of small, irregularly shaped particles with a rough, textured surface. The particles appear to be randomly distributed across the image, with no clear pattern or concentration. The surface of the particles is not smooth, with visible irregularities and scratches, suggesting they may have been subjected to mechanical stress or exposure to chemicals.",PE,PE,True
resultados/01_extract_real_crops/data/real_crops/test/PE/PE 1000X_111.png,PE,"The image shows a scanning electron microscope (SEM) image of a particle with a spherical shape. The particle has a smooth, uniform surface with no visible defects or irregularities. The particle is uniform in size and shape, with a diameter of approximately 10 micrometers. The surface appears to be clean and free of any embedded particles or defects.",PE,PE,True
resultados/01_extract_real_crops/data/real_crops/test/PE/PE 1000X_110.png,PE,"The image shows a particle with a spherical shape. The particle has a smooth, uniform surface with no visible defects or irregularities. The particle is oriented with its long axis parallel to the x-axis and its short axis parallel to the y-axis. The particle is also oriented with its center of mass at the top of the image.","Based on the description provided, the best match is PE (polyethylene).",PE,True
resultados/01_extract_real_crops/data/real_crops/test/PE/PE 1000X_100.png,PE,"The image shows a particle with a spherical shape. The particle has a smooth, uniform surface with no visible defects or irregularities. The particle is oriented with its long axis parallel to the x-axis and its short axis parallel to the y-axis. The particle is also oriented with its center of mass at the top of the image.","Based on the description provided, the best match is PE (polyethylene).",PE,True
resultados/01_extract_real_crops/data/real_crops/test/PE/PE 1000X_94.png,PE,"The image shows a particle with a spherical shape. The particle has a smooth, uniform surface with no visible defects or irregularities. The particle is oriented horizontally and appears to be in a relatively uniform distribution across the image.",PE,PE,True
resultados/01_extract_real_crops/data/real_crops/test/PE/PE 1000X_106.png,PE,"The image shows a scanning electron microscope (SEM) image of a particle with a spherical shape. The particle has a smooth, uniform surface with no visible defects or irregularities. The particle is uniform in size and shape, with a diameter of approximately 10 micrometers. The surface appears to be metallic, as evidenced by the sharp edges and the lack of any visible signs of wear or corrosion.",PE,PE,True
resultados/01_extract_real_crops/data/real_crops/test/PE/PE 1000X_102.png,PE,"The image shows a particle with a spherical shape. The particle has a smooth, uniform surface with no visible defects or irregularities. The particle is uniform in size and shape, with a diameter of approximately 10 micrometers. The surface appears to be clean and free of any visible defects, suggesting that the particle is likely made of a non-magnetic material, such as a metal or a polymer.",PE,PE,True
resultados/01_extract_real_crops/data/real_crops/test/PE/PE 1000-1_4.png,PE,"The image shows a particle with a spherical shape. The particle has a smooth, uniform surface with no visible defects or irregularities. The particle is uniform in size and shape, with a diameter of approximately 10 micrometers. The surface appears to be clean and free of any visible defects or contaminants.",PE,PE,True
resultados/01_extract_real_crops/data/real_crops/test/PE/PE 1000X_96.png,PE,"The image shows a particle with a spherical shape. The particle has a smooth, uniform surface with no visible defects or irregularities. The particle is oriented with its long axis parallel to the x-axis and its short axis parallel to the y-axis. The particle is not transparent, so it appears as a solid black object in the image.",PE,PE,True
resultados/01_extract_real_crops/data/real_crops/test/PE/PE 1000X_104.png,PE,"The image shows a particle with a spherical shape. The particle has a smooth, uniform surface with no visible defects or irregularities. The particle is oriented with its long axis parallel to the x-axis and its short axis parallel to the y-axis. The particle is also oriented with its center of mass at the top of the image.","Based on the description provided, the best match is PE (polyethylene).",PE,True
resultados/01_extract_real_crops/data/real_crops/test/PE/PE 1000X_103.png,PE,"The image shows a particle with a spherical shape. The particle has a smooth, shiny surface with a uniform color. The edges of the particle are sharp and well-defined, indicating a high level of precision. The particle is also relatively uniform in size, with no obvious variations in shape or size.",PE,PE,True
resultados/01_extract_real_crops/data/real_crops/test/PE/PE 1000X_101.png,PE,"The image shows a particle with a spherical shape. The particle has a smooth, shiny surface with a uniform color. The edges of the particle are sharp and well-defined, indicating a high level of precision. The particle is also relatively uniform in size, with no obvious variations in shape or size.",PE,PE,True
resultados/01_extract_real_crops/data/real_crops/test/PE/PE 1000X_95.png,PE,"The image shows a particle with a spherical shape. The particle has a smooth, uniform surface with no visible cracks or imperfections. The particle is uniform in size and shape, with a diameter of approximately 10 micrometers. The surface appears to be polished, with no visible scratches or marks.",PE,PE,True
resultados/01_extract_real_crops/data/real_crops/test/PE/PE 1000X_108.png,PE,"The image shows a particle with a spherical shape. The particle has a smooth, uniform surface with no visible defects or irregularities. The particle is uniform in size and shape, with a diameter of approximately 10 micrometers. The surface appears to be clean and free of any visible defects, such as scratches, dents, or imperfections.",PE,PE,True
resultados/01_extract_real_crops/data/real_crops/test/PE/PE 1000X_97.png,PE,"The image shows a particle with a spherical shape. The particle has a smooth, uniform surface with no visible defects or irregularities. The particle is uniform in size and shape, with a diameter of approximately 10 micrometers. The surface appears to be clean and free of any visible defects or contaminants.",PE,PE,True
resultados/01_extract_real_crops/data/real_crops/test/PE/PE 1000X_98.png,PE,"The image shows a particle with a spherical shape. The particle has a smooth, uniform surface with no visible defects or irregularities. The particle is oriented with its long axis parallel to the x-axis and its short axis parallel to the y-axis. The particle is not transparent, so it appears as a solid black object in the image.",PE,PE,True
resultados/01_extract_real_crops/data/real_crops/test/PE/PE 1000-1_3.png,PE,"The image shows a particle with a spherical shape. The particle has a smooth, uniform surface with no visible defects or irregularities. The particle is oriented with its center towards the top of the image, and its surface appears to be smooth and reflective. The particle is not transparent, so it does not allow light to pass through it.",PE,PE,True
resultados/01_extract_real_crops/data/real_crops/test/PE/PE 1000X_99.png,PE,"The image shows a particle with a spherical shape. The particle has a smooth, uniform surface with no visible defects or irregularities. The particle is uniform in size and shape, with a diameter of approximately 10 micrometers. The surface appears to be clean and free of any visible defects or contaminants.",PE,PE,True
resultados/01_extract_real_crops/data/real_crops/test/PE/PE 1000X_109.png,PE,"The image shows a particle with a spherical shape. The particle has a smooth, uniform surface with no visible defects or irregularities. The particle is oriented with its center towards the top of the image, and its surface appears to be smooth and reflective, indicating a polished or highly polished surface. The particle is also relatively small, with a diameter that is comparable to the size of a typical human hair.",PE,PE,True
resultados/01_extract_real_crops/data/real_crops/test/PE/PE 1000-1_2.png,PE,"The image shows a particle with a spherical shape. The particle has a smooth, uniform surface with no visible defects or irregularities. The particle is oriented with its long axis parallel to the x-axis and its short axis parallel to the y-axis. The particle is not transparent, so it appears as a solid black object in the image.",PE,PE,True
resultados/01_extract_real_crops/data/real_crops/test/PE/PE 1000-1_1.png,PE,"The image shows a particle with a spherical shape. The particle has a smooth, uniform surface with no visible defects or irregularities. The particle is oriented with its long axis parallel to the x-axis and its short axis parallel to the y-axis. The particle is not transparent, so it appears as a solid, opaque object.","Based on the description provided, the best match is PE. The particle has a spherical shape, smooth surface, and is oriented with its long axis parallel",PE,True
resultados/01_extract_real_crops/data/real_crops/test/PE/PE 1000-1_5.png,PE,"The image shows a particle with a spherical shape. The particle has a smooth, uniform surface with no visible defects or irregularities. The particle is oriented with its center towards the top of the image, and its surface appears to be smooth and reflective, indicating a polished or highly polished surface. The particle is also relatively small, with a diameter that is comparable to the size of a typical human hair.",PE,PE,True
resultados/01_extract_real_crops/data/real_crops/test/PE/PE 1000-1_7.png,PE,"The image shows a particle with a spherical shape. The particle has a smooth, uniform surface with no visible defects or irregularities. The particle is oriented with its center towards the top of the image, and its surface appears to be flat and smooth. The particle is not transparent, so it does not allow light to pass through it.",PE,PE,True
resultados/01_extract_real_crops/data/real_crops/test/PE/PE 1000-1_8.png,PE,"The image shows a particle with a spherical shape. The particle has a smooth, uniform surface with no visible defects or irregularities. The particle is oriented with its long axis parallel to the x-axis, and its short axis parallel to the y-axis. The particle is not transparent, so it appears as a solid black object in the image.",PE,PE,True
resultados/01_extract_real_crops/data/real_crops/test/PE/PE 1000X_93.png,PE,"The image shows a particle with a smooth, rounded surface. The particle appears to be a solid, possibly a metal or a composite material, given its smooth and uniform texture. The surface is smooth and free of any visible defects or irregularities, indicating a high level of cleanliness and quality. The particle is also relatively uniform in size, with no significant variations in shape or size.",PE,PE,True
resultados/01_extract_real_crops/data/real_crops/test/PE/PE 1000X_105.png,PE,"The image shows a particle with a spherical shape. The particle has a smooth, uniform surface with no visible defects or irregularities. The particle is oriented with its long axis parallel to the x-axis and its short axis parallel to the y-axis. The particle is not transparent, so it appears as a solid black object in the image.",PE,PE,True
resultados/01_extract_real_crops/data/real_crops/test/PET/PET-2000X_2501.png,PET,"The image shows a particle with a spherical shape. The particle has a smooth, uniform surface with no visible defects or irregularities. The particle is oriented with its long axis parallel to the x-axis and its short axis parallel to the y-axis. The particle is not transparent, so it appears as a solid black object in the image.",PE,PE,False
resultados/01_extract_real_crops/data/real_crops/test/PET/PET-2000X-2_1091.png,PET,"The image shows a particle with a spherical shape. The particle has a smooth, uniform surface with no visible defects or irregularities. The particle is oriented with its center towards the top of the image, and it appears to be a solid, non-conductive material. The image is likely taken in a scanning electron microscope, which uses high-energy electron beams to produce detailed images of materials at the atomic",PE,PE,False
resultados/01_extract_real_crops/data/real_crops/test/PET/PET-2000X-2_1080.png,PET,"The image shows a particle with a spherical shape. The particle has a smooth, uniform surface with no visible defects or irregularities. The particle is uniform in size and shape, with a diameter of approximately 10 micrometers. The surface appears to be clean and free of any visible defects, suggesting that the particle is likely made of a non-magnetic material, such as a metal or a polymer.",PE,PE,False
resultados/01_extract_real_crops/data/real_crops/test/PET/PET-2000X_2562.png,PET,"The image shows a black and white scanning electron microscope image of a particle with a spherical shape. The particle has a smooth, uniform surface with no visible defects or irregularities. The particle is oriented with its long axis parallel to the x-axis and its short axis parallel to the y-axis. The particle is uniformly distributed across the image, with no visible clumps or irregularities.",PE,PE,False
resultados/01_extract_real_crops/data/real_crops/test/PET/PET-2000X_2697.png,PET,"The image shows a particle with a spherical shape. The particle has a smooth, uniform surface with no visible defects or irregularities. The particle is oriented with its long axis parallel to the x-axis and its short axis parallel to the y-axis. The particle is not transparent, so it appears as a solid black object in the image.",PE,PE,False
resultados/01_extract_real_crops/data/real_crops/test/PET/PET-2000X-2_1144.png,PET,"The image shows a particle with a spherical shape. The particle has a smooth, uniform surface with no visible defects or irregularities. The particle is oriented with its long axis parallel to the x-axis and its short axis parallel to the y-axis. The particle is not transparent, so it appears as a solid black object.","Based on the description provided, the best match is PE (polyethylene).",PE,False
resultados/01_extract_real_crops/data/real_crops/test/PET/PET-2000X-2_1267.png,PET,"The image shows a particle with a spherical shape. The particle has a smooth, shiny surface with a uniform color. The edges of the particle are smooth and well-defined, and the particle appears to be uniform in size and shape. The particle is not transparent, so it does not allow light to pass through it.",PE,PE,False
resultados/01_extract_real_crops/data/real_crops/test/PET/PET-B-2-5000X_4206.png,PET,"The image shows a collection of black, irregularly shaped particles. The particles appear to be randomly distributed across the image, with no clear pattern or concentration. They have a rough, textured surface, which suggests they may be made of a non-woven or fibrous material. The particles are not uniform in size, with some being larger and others smaller. The edges of the particles are not sharp, and",PE,PE,False
resultados/01_extract_real_crops/data/real_crops/test/PET/PET-2000X-2_924.png,PET,"The image shows a particle with a spherical shape. The particle has a smooth, uniform surface with no visible defects or irregularities. The particle is uniform in size and shape, with a diameter of approximately 10 micrometers. The surface appears to be clean and free of any visible defects, suggesting that the particle is likely made of a non-magnetic material, such as a metal or a polymer.",PE,PE,False
resultados/01_extract_real_crops/data/real_crops/test/PET/PET-2000X-2_1086.png,PET,"The image shows a scanning electron microscope (SEM) image of a particle with a spherical shape. The particle has a smooth, uniform surface with no visible defects or irregularities. The particle is uniform in size and shape, with a diameter of approximately 100 nm. The surface appears to be metallic, as evidenced by the sharp edges and the lack of any visible signs of wear or damage.",PE,PE,False
resultados/01_extract_real_crops/data/real_crops/test/PET/PET-2000X-2_1118.png,PET,"The image shows a particle with a spherical shape. The particle has a smooth, uniform surface with no visible defects or irregularities. The particle is oriented with its long axis parallel to the x-axis and its short axis parallel to the y-axis. The particle is not transparent, so it appears as a solid black object in the image.",PE,PE,False
resultados/01_extract_real_crops/data/real_crops/test/PET/PET-2000X-2_1213.png,PET,"The image shows a particle with a spherical shape. The particle has a smooth, uniform surface with no visible defects or irregularities. The particle is oriented vertically, with its center towards the top of the image. The surface of the particle is smooth and free of any sharp edges or points.",PE,PE,False
resultados/01_extract_real_crops/data/real_crops/test/PET/PET-2000X-2_1075.png,PET,"The image shows a particle with a spherical shape, characterized by a smooth, uniform surface with no visible defects or irregularities. The particle appears to be uniform in size and shape, with a consistent diameter and a uniform color. The surface is smooth and reflective, indicating that it is likely made of a non-conductive material, such as a metal or a plastic. The particle's surface is also clean",PE,PE,False
resultados/01_extract_real_crops/data/real_crops/test/PET/PET-2000X-2_1125.png,PET,"The image shows a particle with a smooth, rounded surface. The particle appears to be a small, round object with a slightly raised center. The edges of the particle are smooth and rounded, and the surface is relatively flat. The particle has a uniform color, which is consistent with the image.",PE,PE,False
resultados/01_extract_real_crops/data/real_crops/test/PET/PET-2000X_2470.png,PET,"The image shows a particle with a spherical shape. The particle has a smooth, uniform surface with no visible defects or irregularities. The particle is oriented with its long axis parallel to the x-axis and its short axis parallel to the y-axis. The particle is not transparent, so it appears as a solid, opaque object.","Based on the description provided, the best match is PE. The particle has a spherical shape, smooth surface, and is oriented with its long axis parallel",PE,False
resultados/01_extract_real_crops/data/real_crops/test/PET/PET 5000X 1_84.png,PET,"The image shows a particle with a rough, textured surface. The edges of the particle are clearly visible, and the surface appears to be covered with small, irregularly shaped bumps and indentations. The particle's overall shape is elongated, with a slightly curved or elongated body. The surface texture suggests a rough, possibly metallic or plastic material, given the presence of the bumps and indentations.",PE,PE,False
resultados/01_extract_real_crops/data/real_crops/test/PET/PET-B-2-5000X_4138.png,PET,"The image shows a particle with a spherical shape. The particle has a smooth, uniform surface with no visible defects or irregularities. The particle is relatively small, with a diameter of approximately 10 micrometers. The surface of the particle is smooth and reflective, indicating that it is likely made of a non-conductive material, such as a metal or a plastic. The particle is also uniform in",PE,PE,False
resultados/01_extract_real_crops/data/real_crops/test/PET/PET-B-2-5000X_4122.png,PET,"The image shows a particle with a smooth, rounded surface. The particle appears to be a small, round object with a slightly irregular shape, possibly a sphere or a small cube. The surface is smooth and free of any visible defects or imperfections. The particle is oriented with its long axis parallel to the x-axis, and its short axis parallel to the y-axis. The particle is not highly",PE,PE,False
resultados/01_extract_real_crops/data/real_crops/test/PET/PET-2000X-2_1110.png,PET,"The image shows a collection of small, irregularly shaped particles. The particles appear to be metallic in nature, as they have a shiny, reflective surface. The particles are distributed randomly across the image, with no discernible pattern or concentration. The surface of the particles is smooth, with no visible scratches or imperfections. The particles are uniformly distributed, with no obvious clustering or dispersion.",PE,PE,False
resultados/01_extract_real_crops/data/real_crops/test/PET/PET-2000X_2398.png,PET,"The image shows a particle with a smooth, rounded surface. The particle appears to be a small, uniform object with a uniform size and shape. The surface is smooth and free of any visible defects or irregularities. The particle is not transparent, so it does not allow light to pass through it. The particle is also not transparent, so it does not allow light to pass through it.",PE,PE,False
resultados/01_extract_real_crops/data/real_crops/test/PET/PET-2000X-2_795.png,PET,"The image shows a particle with a spherical shape. The particle has a smooth, uniform surface with no visible defects or irregularities. The particle is oriented with its long axis parallel to the x-axis and its short axis parallel to the y-axis. The particle is not transparent, so it appears as a solid black object in the image.",PE,PE,False
resultados/01_extract_real_crops/data/real_crops/test/PET/PET 5000X 1_32.png,PET,"The image shows a particle with a rough, textured surface. The particle appears to be a composite material, likely made of a combination of different materials such as metal, plastic, and possibly a composite of both. The surface of the particle is highly irregular, with visible scratches and scratches on the surface. The edges of the particle are also visible, showing a sharp boundary between the different materials.",PE,PE,False
resultados/01_extract_real_crops/data/real_crops/test/PET/PET-2000X-2_838.png,PET,"The image shows a particle with a spherical shape. The particle has a smooth, uniform surface with no visible defects or irregularities. The particle is oriented with its center towards the top of the image, and it appears to be a solid, non-conductive material. The image is likely a scanning electron microscope (SEM) scan, which is a powerful imaging technique used to produce high-resolution images",PE,PE,False
resultados/01_extract_real_crops/data/real_crops/test/PET/PET-2000X-2_955.png,PET,"The image shows a particle with a spherical shape. The particle has a smooth, uniform surface with no visible defects or irregularities. The particle is oriented with its long axis parallel to the x-axis and its short axis parallel to the y-axis. The particle is also oriented with its center of mass at the top of the image.","Based on the description provided, the best match is PE (polyethylene).",PE,False
resultados/01_extract_real_crops/data/real_crops/test/PET/PET-2000X-2_1246.png,PET,"The image shows a particle with a spherical shape. The particle has a smooth, uniform surface with no visible defects or irregularities. The particle is uniform in size and shape, with a diameter of approximately 10 micrometers. The surface appears to be clean and free of any visible defects or contaminants.",PE,PE,False
resultados/01_extract_real_crops/data/real_crops/test/PET/PET-2000X-2_889.png,PET,"The image shows a particle with a spherical shape. The particle has a smooth, uniform surface with no visible defects or irregularities. The particle is oriented with its long axis parallel to the x-axis, and its short axis parallel to the y-axis. The particle is not transparent, so it appears as a solid black object in the image.",PE,PE,False
resultados/01_extract_real_crops/data/real_crops/test/PET/PET-2000X-2_971.png,PET,"The image shows a particle with a spherical shape. The particle has a smooth, uniform surface with no visible defects or irregularities. The particle is oriented with its long axis parallel to the x-axis and its short axis parallel to the y-axis. The particle is also oriented with its center of mass at the top of the image.","Based on the description provided, the best match is PE (polyethylene).",PE,False
resultados/01_extract_real_crops/data/real_crops/test/PET/PET-2000X_2425.png,PET,"The image shows a particle with a spherical shape. The particle has a smooth, uniform surface with no visible defects or irregularities. The particle is oriented vertically, with its center towards the top of the image. The particle appears to be a solid, non-conductive material, likely a metal or a similar substance.",PE,PE,False
resultados/01_extract_real_crops/data/real_crops/test/PET/PET-B-2-5000X_4135.png,PET,"The image shows a collection of spherical particles with a uniform size and shape. The particles are uniformly distributed across the image, with no obvious clustering or separation. The surface texture appears smooth and uniform, with no visible irregularities or defects. The particles are not transparent, so their internal structure cannot be observed.

The image does not provide any additional context or information about the material or composition of the particles",PE,PE,False
resultados/01_extract_real_crops/data/real_crops/test/PET/PET-2000X_2612.png,PET,"The image is a black and white scanning electron microscope image of a particle. The particle appears to be a small, round object with a smooth, shiny surface. The edges of the particle are smooth and evenly spaced, and the surface is reflective, indicating that it is made of a material that is reflective. The particle has a uniform color, which is consistent throughout its surface.",PE,PE,False
resultados/01_extract_real_crops/data/real_crops/test/PET/PET-2000X-2_1248.png,PET,"The image shows a particle with a spherical shape. The particle has a smooth, uniform surface with no visible defects or irregularities. The particle is oriented with its long axis parallel to the x-axis and its short axis parallel to the y-axis. The particle is not transparent, so it appears as a solid black object in the image.",PE,PE,False
resultados/01_extract_real_crops/data/real_crops/test/PET/PET-2000X_2399.png,PET,"The image shows a particle with a spherical shape, characterized by a smooth, uniform surface with no visible defects or irregularities. The particle appears to be uniform in size and shape, with a diameter of approximately 10 micrometers. The surface is smooth and free of any visible scratches, cracks, or imperfections. The particle is also relatively uniform in color, with no obvious variations in hue or texture.",PE,PE,False
resultados/01_extract_real_crops/data/real_crops/test/PET/PET-2000X-2_1198.png,PET,"The image shows a particle with a spherical shape. The particle has a smooth, uniform surface with no visible defects or irregularities. The particle is oriented with its center towards the top of the image, and it appears to be a solid, non-conductive material. The surface of the particle is smooth and reflective, indicating that it is likely made of a non-conductive material, such as a",PE,PE,False
resultados/01_extract_real_crops/data/real_crops/test/PET/PET-2000X-2_786.png,PET,"The image shows a particle with a smooth, rounded surface. The particle appears to be a crystalline structure, as indicated by the presence of a crystalline lattice pattern. The edges of the particle are sharp and well-defined, suggesting that it is a solid material. The surface texture is smooth and uniform, with no visible irregularities or defects.",PE,PE,False
resultados/01_extract_real_crops/data/real_crops/test/PET/PET-2000X-2_820.png,PET,"The image shows a collection of particles with a spherical shape. The particles are uniformly distributed across the image, with no obvious clustering or pattern. The surface texture appears smooth and uniform, with no visible irregularities or defects.",PE,PE,False
resultados/01_extract_real_crops/data/real_crops/test/PET/PET-2000X-2_1023.png,PET,"The image shows a particle with a spherical shape. The particle has a smooth, uniform surface with no visible defects or irregularities. The particle is oriented with its long axis parallel to the x-axis and its short axis parallel to the y-axis. The particle is also oriented with its center of mass at the top of the image.","Based on the description provided, the best match is PE (polyethylene).",PE,False
resultados/01_extract_real_crops/data/real_crops/test/PET/PET-2000X-2_985.png,PET,"The image shows a particle with a spherical shape. The particle has a smooth, uniform surface with no visible defects or irregularities. The particle is oriented with its long axis parallel to the x-axis and its short axis parallel to the y-axis. The particle is also oriented with its center of mass at the top of the image.","Based on the description provided, the best match is PE (polyethylene).",PE,False
resultados/01_extract_real_crops/data/real_crops/test/PET/PET-2000X-2_857.png,PET,"The image shows a particle with a spherical shape. The particle has a smooth, uniform surface with no visible defects or irregularities. The particle is oriented with its long axis parallel to the x-axis, and its short axis parallel to the y-axis. The particle is not transparent, so it appears as a solid black object in the image.",PE,PE,False
resultados/01_extract_real_crops/data/real_crops/test/PET/PET 5000X 1_7.png,PET,"The image shows a particle with a rough, textured surface. The particle appears to be a composite material, likely made of a combination of different materials such as metal, plastic, or a composite thereof. The surface is highly irregular, with visible scratches and scratches on the surface. The texture is rough, with visible grooves and indentations. The particle is also quite small, with a diameter of approximately",PE,PE,False
resultados/01_extract_real_crops/data/real_crops/test/PET/PET-2000X_2644.png,PET,"The image shows a particle with a spherical shape. The particle has a smooth, uniform surface with no visible defects or irregularities. The particle is oriented with its long axis parallel to the x-axis and its short axis parallel to the y-axis. The particle is also oriented with its center of mass at the top of the image.","Based on the description provided, the best match is PE (polyethylene).",PE,False
resultados/01_extract_real_crops/data/real_crops/test/PET/PET-2000X-2_972.png,PET,"The image shows a particle with a spherical shape. The particle has a smooth, uniform surface with no visible cracks or imperfections. The particle is oriented with its long axis parallel to the x-axis, and its short axis parallel to the y-axis. The particle is not perfectly round, but has a slightly irregular shape with a few small indentations on its surface.","Based on the description provided, the best match is PE (polyethylene).",PE,False
resultados/01_extract_real_crops/data/real_crops/test/PET/PET-2000X_2346.png,PET,"The image shows a particle with a spherical shape. The particle has a smooth, uniform surface with no visible defects or irregularities. The particle is oriented with its long axis parallel to the x-axis and its short axis parallel to the y-axis. The particle is also oriented with its center of mass at the top of the image.","Based on the description provided, the best match is PE (polyethylene).",PE,False
resultados/01_extract_real_crops/data/real_crops/test/PET/PET 5000X 1_25.png,PET,"The image shows a particle with a smooth, rounded surface. The particle appears to be a solid, possibly a metal or a composite material, given its uniform shape and smooth surface. The edges of the particle are sharp and well-defined, indicating a high level of precision. The particle's surface is also highly reflective, suggesting that it is made of a material with a high index of refraction, such",PE,PE,False
resultados/01_extract_real_crops/data/real_crops/test/PET/PET-2000X_2310.png,PET,"The image shows a particle with a spherical shape. The particle has a smooth, uniform surface with no visible defects or irregularities. The particle is oriented with its long axis parallel to the x-axis and its short axis parallel to the y-axis. The particle is also oriented with its center of mass at the top of the image.","Based on the description provided, the best match is PE (polyethylene).",PE,False
resultados/01_extract_real_crops/data/real_crops/test/PET/PET-2000X_2601.png,PET,"The image shows a particle with a spherical shape. The particle has a smooth, uniform surface with no visible defects or irregularities. The particle is oriented with its long axis parallel to the x-axis and its short axis parallel to the y-axis. The particle is not transparent, so it appears as a solid black object in the image.",PE,PE,False
resultados/01_extract_real_crops/data/real_crops/test/PET/PET-B-2-5000X_4186.png,PET,"The image shows a collection of black particles with a uniform size distribution. The particles are uniformly distributed in a circular pattern, with no discernible pattern or structure. The particles are uniform in size, with a diameter of approximately 10-15 micrometers. The surface texture of the particles is smooth and uniform, with no visible irregularities or defects.",PE,PE,False
resultados/01_extract_real_crops/data/real_crops/test/PET/PET-2000X_2359.png,PET,"The image shows a particle with a spherical shape, characterized by a central nucleus and a well-defined boundary. The particle exhibits a smooth, uniform surface texture with no visible irregularities or defects. The particle's surface appears to be metallic or metallic-like, with a shiny, reflective surface that reflects light and appears to be polished. The particle's size is relatively small, suggesting it is a small particle",PE,PE,False
resultados/01_extract_real_crops/data/real_crops/test/PET/PET-2000X-2_1266.png,PET,"The image shows a particle with a spherical shape. The particle has a smooth, rounded surface with a slightly raised center. The edges of the particle are smooth and well-defined, with no visible sharpness or irregularities. The particle appears to be uniform in size and shape, with no obvious variations in color or texture.",PE,PE,False
resultados/01_extract_real_crops/data/real_crops/test/PET/PET-2000X-2_1016.png,PET,"The image shows a particle with a smooth, rounded surface. The particle appears to be a small, round object with a slightly raised center. The edges of the particle are smooth and rounded, and the surface is relatively smooth, with no visible scratches or imperfections. The particle is also relatively uniform in size, with no significant variations in shape or size.",PE,PE,False
resultados/01_extract_real_crops/data/real_crops/test/PET/PET-B-2-5000X_4144.png,PET,"The image shows a particle with a rough, textured surface. The particle appears to be irregularly shaped, with a few small, round structures scattered around its surface. The edges of the particle are not clearly defined, and the overall shape is somewhat abstract. The surface of the particle is covered with a fine, fine-grained material, which gives it a matte appearance.","Based on the description provided, the best match is PE (polyethylene).",PE,False
resultados/01_extract_real_crops/data/real_crops/test/PET/PET-2000X_2645.png,PET,"The image shows a particle with a spherical shape, characterized by a smooth, uniform surface with no visible defects or irregularities. The particle appears to be uniform in size and shape, with a diameter of approximately 100 nanometers. The surface is smooth and free of any visible scratches or imperfections, suggesting that it is likely made of a non-magnetic material, such as a metal or a polymer.",PE,PE,False
resultados/01_extract_real_crops/data/real_crops/test/PET/PET-2000X-2_910.png,PET,"The image shows a collection of particles with a rough, granular texture. The particles appear to be randomly distributed and vary in size, with some being larger and others smaller. The surface of the particles is not smooth, with visible irregularities and scratches, suggesting they may have been subjected to mechanical stress or exposure to chemicals. The particles are also scattered randomly across the image, with no clear pattern or concentration.",PE,PE,False
resultados/01_extract_real_crops/data/real_crops/test/PET/PET-2000X-2_1207.png,PET,"The image shows a collection of particles with a spherical shape. The particles are uniformly distributed across the image, with no obvious clustering or pattern. The surface texture appears smooth and uniform, with no visible irregularities or defects.",PE,PE,False
resultados/01_extract_real_crops/data/real_crops/test/PET/PET-2000X-2_1127.png,PET,"The image shows a scanning electron microscope (SEM) image of a particle with a spherical shape. The particle has a smooth, uniform surface with no visible defects or irregularities. The particle is uniform in size, with a diameter of approximately 100 nm. The surface appears to be metallic, as evidenced by the sharp edges and the lack of any visible signs of wear or damage. The particle",PE,PE,False
resultados/01_extract_real_crops/data/real_crops/test/PET/PET-2000X-2_1205.png,PET,"The image shows a particle with a spherical shape. The particle has a smooth, uniform surface with no visible defects or irregularities. The particle is uniform in size and shape, with a diameter of approximately 10 micrometers. The surface appears to be smooth and free of any visible defects, such as scratches, dents, or imperfections.",PE,PE,False
resultados/01_extract_real_crops/data/real_crops/test/PET/PET-2000X_2590.png,PET,"The image shows a scanning electron microscope (SEM) image of a particle with a spherical shape. The particle has a smooth, uniform surface with no visible defects or irregularities. The particle is uniform in size and shape, with a diameter of approximately 10 micrometers. The surface appears to be clean and free of any embedded particles or defects.",PE,PE,False
resultados/01_extract_real_crops/data/real_crops/test/PET/PET-2000X_2326.png,PET,"The image shows a particle with a spherical shape. The particle has a smooth, uniform surface with no visible defects or irregularities. The particle is oriented with its long axis parallel to the x-axis and its short axis parallel to the y-axis. The particle is also oriented with its center of mass at the top of the image.","Based on the description provided, the best match is PE (polyethylene).",PE,False
resultados/01_extract_real_crops/data/real_crops/test/PET/PET-2000X_2334.png,PET,"The image shows a particle with a rough, textured surface. The particle appears to be a composite material, likely made of a combination of different materials such as metal, plastic, or a composite thereof. The surface is highly irregular, with visible scratches and scratches on the surface. The edges of the particle are sharp and jagged, indicating that it is likely made of a hard, brittle material. The",PE,PE,False
resultados/01_extract_real_crops/data/real_crops/test/PET/PET 5000X 1_128.png,PET,"The image shows a particle with a rough, textured surface. The particle appears to be a solid, non-conductive material, likely a metal or a similar substance. The surface is irregular and has a few small, sharp edges. The particle is also quite dark, which suggests that it is opaque and not transparent. The surface is not smooth, and there are some small, sharp points on the",PE,PE,False
resultados/01_extract_real_crops/data/real_crops/test/PET/PET-2000X-2_787.png,PET,"The image shows a particle with a spherical shape. The particle has a smooth, shiny surface with a uniform color. The edges of the particle are sharp and well-defined, indicating a high level of precision. The particle appears to be uniform in size and shape, with no obvious irregularities or defects.",PE,PE,False
resultados/01_extract_real_crops/data/real_crops/test/PP/PP-1000x1_2337.png,PP,"The image shows a particle with a spherical shape. The particle has a smooth, uniform surface with no visible defects or irregularities. The particle is oriented with its long axis parallel to the x-axis and its short axis parallel to the y-axis. The particle is also oriented with its center of mass at the top of the image.","Based on the description provided, the best match is PE (polyethylene).",PE,False
resultados/01_extract_real_crops/data/real_crops/test/PP/PP-1000x1_1957.png,PP,"The image shows a particle with a spherical shape. The particle has a smooth, uniform surface with no visible defects or irregularities. The particle is uniform in size and shape, with a diameter of approximately 10 micrometers. The surface of the particle is smooth and reflective, indicating that it is made of a non-conductive material, such as a metal or a plastic. The particle is also",PE,PE,False
resultados/01_extract_real_crops/data/real_crops/test/PP/PP-1000x1_2412.png,PP,"The image shows a particle with a spherical shape. The particle has a smooth, uniform surface with no visible defects or irregularities. The particle is oriented with its long axis parallel to the x-axis and its short axis parallel to the y-axis. The particle is not transparent, so it appears as a solid black object in the image.",PE,PE,False
resultados/01_extract_real_crops/data/real_crops/test/PP/PP-1000x1_1755.png,PP,"The image shows a particle with a spherical shape. The particle has a smooth, uniform surface with no visible defects or irregularities. The particle is oriented with its long axis parallel to the x-axis and its short axis parallel to the y-axis. The particle is also oriented with its center of mass at the top of the image.","Based on the description provided, the best match is PE (polyethylene).",PE,False
resultados/01_extract_real_crops/data/real_crops/test/PP/PP-1000x1_2025.png,PP,"The image shows a particle with a spherical shape. The particle has a smooth, uniform surface with no visible defects or irregularities. The particle is uniform in size and shape, with a diameter of approximately 10 micrometers. The surface appears to be clean and free of any visible defects, such as scratches, dents, or imperfections.",PE,PE,False
resultados/01_extract_real_crops/data/real_crops/test/PP/PP-3000x6_6465.png,PP,"The image shows a particle with a rough, textured surface. The particle appears to be irregular in shape, with a few small, round features scattered around its surface. The edges of the particle are smooth, and the overall surface is relatively smooth.","Based on the description provided, the best match is PE (polyethylene).",PE,False
resultados/01_extract_real_crops/data/real_crops/test/PP/PP-1000x1_1341.png,PP,"The image shows a particle with a spherical shape. The particle has a smooth, shiny surface with a few small, dark spots on its surface. The particle is oriented vertically, with its top facing the top of the image and its bottom facing the bottom of the image.","Based on the description provided, the best match is PE (polyethylene).",PE,False
resultados/01_extract_real_crops/data/real_crops/test/PP/PP-1000x1_1386.png,PP,"The image shows a collection of small, irregularly shaped particles with a rough, textured surface. The particles appear to be randomly distributed across the image, with no clear pattern or concentration. The surface of the particles is not smooth, with visible irregularities and small bumps, suggesting a rough, porous structure. The particles are not uniform in size, with some appearing larger than others, indicating a possible distribution of",PE,PE,False
resultados/01_extract_real_crops/data/real_crops/test/PP/PP-3000x4_6011.png,PP,"The image shows a particle with a smooth, rounded surface. The particle appears to be a small, uniform object with a uniform size and shape. The surface is smooth and free of any visible defects or irregularities. The particle is also relatively uniform in color, with no obvious variations in hue or texture.",PE,PE,False
resultados/01_extract_real_crops/data/real_crops/test/PP/PP-1000x1_2124.png,PP,"The image shows a particle with a spherical shape. The particle has a smooth, uniform surface with no visible defects or irregularities. The particle is oriented with its long axis parallel to the x-axis, and its short axis parallel to the y-axis. The particle is also oriented with its center of mass at the top of the image.","Based on the description provided, the best match is PE (polyethylene).",PE,False
resultados/01_extract_real_crops/data/real_crops/test/PP/PP-3000x7_6827.png,PP,"The image shows a particle with a spherical shape. The particle has a smooth, uniform surface with no visible defects or irregularities. The particle is oriented with its long axis parallel to the x-axis and its short axis parallel to the y-axis. The particle is also oriented with its center of mass at the top of the image.","Based on the description provided, the best match is PE (polyethylene).",PE,False
resultados/01_extract_real_crops/data/real_crops/test/PP/PP-1000x1_1434.png,PP,"The image shows a particle with a spherical shape. The particle has a smooth, uniform surface with no visible defects or irregularities. The particle is uniform in size and shape, with a diameter of approximately 10 micrometers. The surface appears to be clean and free of any visible defects, suggesting that the particle is likely made of a non-magnetic material, such as a metal or a polymer.",PE,PE,False
resultados/01_extract_real_crops/data/real_crops/test/PP/PP-3000x7_6831.png,PP,"The image shows a particle with a rough, textured surface. The particle appears to be irregularly shaped, with a few small, round structures scattered around it. The surface is covered with a fine, fine-grained material, which gives it a matte appearance. The edges of the particle are sharp and well-defined, indicating that it is likely made of a hard, non-woven material.",PE,PE,False
resultados/01_extract_real_crops/data/real_crops/test/PP/PP-3000x7_6676.png,PP,"The image shows a particle with a smooth, rounded surface. The particle appears to be a small, round object with a slightly raised center. The edges of the particle are smooth and rounded, and the surface is relatively flat. The particle has a uniform color, which is consistent with a white or light gray material.",PE,PE,False
resultados/01_extract_real_crops/data/real_crops/test/PP/PP-1000x1_2037.png,PP,"The image shows a particle with a spherical shape. The particle has a smooth, uniform surface with no visible defects or irregularities. The particle is uniform in size and shape, with a diameter of approximately 10 micrometers. The surface appears to be clean and free of any visible defects, such as scratches, dents, or imperfections.",PE,PE,False
resultados/01_extract_real_crops/data/real_crops/test/PP/PP-3000x7_6666.png,PP,"The image shows a particle with a spherical shape. The particle has a smooth, rounded surface with a slightly raised center. The edges of the particle are smooth and well-defined, with no visible sharpness or irregularities. The particle appears to be uniform in size and shape, with no obvious variations in color or texture.",PE,PE,False
resultados/01_extract_real_crops/data/real_crops/test/PP/PP-3000x6_6475.png,PP,"The particle(s) visible in this scanning electron microscope image are irregularly shaped, with multiple edges and surface textures.","Based on the description provided, the best match is PE (polyethylene).",PE,False
resultados/01_extract_real_crops/data/real_crops/test/PP/PP-1000x1_1709.png,PP,"The image shows a particle with a spherical shape. The particle has a smooth, uniform surface with no visible defects or irregularities. The particle is oriented with its center towards the top of the image, and its surface appears to be smooth and reflective, indicating a polished or highly polished surface.",PE,PE,False
resultados/01_extract_real_crops/data/real_crops/test/PP/PP-3000x6_6440.png,PP,"The image shows a particle with a rough, textured surface. The particle appears to be a composite material, likely made of a combination of different materials such as metal, plastic, and possibly a composite of both. The surface of the particle is highly irregular, with visible scratches and scratches on the surface. The texture is coarse, with a few small, sharp edges. The particle also has a slightly raised",PE,PE,False
resultados/01_extract_real_crops/data/real_crops/test/PP/PP-3000x7_6665.png,PP,"The image shows a particle with a rough, textured surface. The particle appears to be irregularly shaped, with a few small, irregularly shaped bumps or indentations on its surface. The edges of the particle are smooth, with no sharp edges or jagged surfaces. The particle's surface is not smooth, with a few small, irregularly shaped bumps or indentations. The particle's surface is","Based on the description provided, the best match is PE (polyethylene).",PE,False
resultados/01_extract_real_crops/data/real_crops/test/PP/PP-3000x6_6455.png,PP,"The image shows a particle with a smooth, rounded surface. The particle appears to be a small, round object with a slightly raised center. The edges of the particle are smooth and rounded, and the surface is relatively flat. The particle has a uniform color, which is consistent with a material that is likely to be metallic or a similar substance.",PE,PE,False
resultados/01_extract_real_crops/data/real_crops/test/PP/PP-3000x6_6616.png,PP,"The image shows a particle with a spherical shape. The particle has a smooth, shiny surface with a uniform color. The edges of the particle are smooth and well-defined, and the particle appears to be uniform in size and shape. The particle is not transparent, so it does not allow light to pass through it.",PE,PE,False
resultados/01_extract_real_crops/data/real_crops/test/PP/PP-1000x1_1438.png,PP,"The image shows a particle with a spherical shape. The particle has a smooth, uniform surface with no visible defects or irregularities. The particle is uniform in size and shape, with a diameter of approximately 10 micrometers. The surface of the particle is smooth and reflective, indicating that it is made of a non-conductive material, such as a metal or a plastic. The particle is also",PE,PE,False
resultados/01_extract_real_crops/data/real_crops/test/PP/PP-3000x6_6418.png,PP,"The image shows a particle with a smooth, rounded surface. The particle appears to be a small, round object with a slightly raised center. The edges of the particle are smooth and rounded, and the surface is relatively flat. The particle has a uniform color, which is consistent with the image.",PE,PE,False
resultados/01_extract_real_crops/data/real_crops/test/PP/PP-1000x1_1813.png,PP,"The image shows a particle with a spherical shape. The particle has a smooth, uniform surface with no visible defects or irregularities. The particle is uniform in size and shape, with a diameter of approximately 10 micrometers. The surface of the particle is smooth and reflective, indicating that it is made of a non-conductive material, such as a metal or a plastic. The particle is also",PE,PE,False
resultados/01_extract_real_crops/data/real_crops/test/PP/PP-3000x7_6854.png,PP,"The image shows a particle with a spherical shape. The particle has a smooth, shiny surface with a few small, dark spots on its surface. The edges of the particle are smooth and well-defined, and the particle appears to be uniform in size and shape.","Based on the description provided, the best match is PE (polyethylene).",PE,False
resultados/01_extract_real_crops/data/real_crops/test/PP/PP-1000x1_1822.png,PP,"The image shows a collection of small, irregularly shaped particles with a rough, textured surface. The particles appear to be randomly distributed across the image, with no clear pattern or concentration. The surface of the particles is not smooth, with visible irregularities and scratches, suggesting they may have been subjected to mechanical stress or exposure to chemicals. The particles are not uniform in size, with some appearing larger than others",PE,PE,False
resultados/01_extract_real_crops/data/real_crops/test/PP/PP-1000x1_2279.png,PP,"The particle is irregular in shape, with multiple edges and surfaces. The surface texture appears to be rough and granular, with visible small particles and clumps.","Based on the description provided, the best match is PE.",PE,False
resultados/01_extract_real_crops/data/real_crops/test/PP/PP-3000x4_6075.png,PP,"The image shows a scanning electron microscope (SEM) image of a particle with a spherical shape. The particle has a smooth, uniform surface with no visible defects or irregularities. The particle is oriented with its long axis parallel to the horizontal axis of the image. The image is black and white, with no color information visible.",PE,PE,False
resultados/01_extract_real_crops/data/real_crops/test/PP/PP-1000x1_1485.png,PP,"The image shows a particle with a spherical shape. The particle has a smooth, uniform surface with no visible defects or irregularities. The particle is oriented with its long axis parallel to the x-axis and its short axis parallel to the y-axis. The particle is not transparent, so it does not allow light to pass through it.","Based on the description provided, the best match is PE (polyethylene).",PE,False
resultados/01_extract_real_crops/data/real_crops/test/PP/PP-1000x1_2060.png,PP,"The image shows a particle with a spherical shape. The particle has a smooth, uniform surface with no visible defects or irregularities. The particle is oriented with its long axis parallel to the x-axis and its short axis parallel to the y-axis. The particle is also oriented with its center of mass at the top of the image.","Based on the description provided, the best match is PE (polyethylene).",PE,False
resultados/01_extract_real_crops/data/real_crops/test/PP/PP-3000x6_6569.png,PP,"The image shows a particle with a spherical shape, characterized by a central core surrounded by a ring of smaller particles. The surface texture appears smooth and uniform, with no visible irregularities or defects. The particle is oriented with its center towards the top of the image, and it is surrounded by a ring of smaller particles that are evenly spaced.",PE,PE,False
resultados/01_extract_real_crops/data/real_crops/test/PP/PP-3000x4_6107.png,PP,"The image shows a particle with a rough, textured surface. The particle appears to be a composite material, likely made of a combination of different materials such as metal, plastic, and possibly a polymer. The surface is highly irregular, with visible scratches and scratches, indicating that it has been subjected to wear and tear over time. The particle's shape is irregular, with a slightly elongated, irregular shape.",PE,PE,False
resultados/01_extract_real_crops/data/real_crops/test/PP/PP-1000x1_1954.png,PP,"The image shows a scanning electron microscope (SEM) image of a particle with a spherical shape. The particle has a smooth, uniform surface with no visible defects or irregularities. The particle is uniform in size, with a diameter of approximately 10 micrometers. The surface appears to be metallic, as evidenced by the sharp edges and the lack of any visible signs of wear or corrosion.",PE,PE,False
resultados/01_extract_real_crops/data/real_crops/test/PP/PP-1000x1_2092.png,PP,"The image shows a scanning electron microscope (SEM) image of a particle with a spherical shape. The particle has a smooth, uniform surface with no visible defects or irregularities. The particle is uniform in size and shape, with a diameter of approximately 10 micrometers. The surface appears to be metallic, as evidenced by the sharp edges and the lack of any visible signs of wear or damage.",PE,PE,False
resultados/01_extract_real_crops/data/real_crops/test/PP/PP-3000x7_6806.png,PP,"The image shows a particle with a rough, textured surface. The particle appears to be a small, irregularly shaped object with a few small holes or indentations on its surface. The edges of the particle are smooth, and the overall shape is somewhat elongated. The surface of the particle is covered with a fine, fine-grained material, which gives it a matte appearance.",PE,PE,False
resultados/01_extract_real_crops/data/real_crops/test/PP/PP-1000x1_1610.png,PP,"The image shows a particle with a spherical shape. The particle has a smooth, uniform surface with no visible defects or irregularities. The particle is oriented with its center towards the top of the image, and it appears to be a small, uniform particle with a diameter of approximately 100 nanometers. The surface of the particle is smooth and reflective, indicating that it is made of a non-conduct",PE,PE,False
resultados/01_extract_real_crops/data/real_crops/test/PP/PP-1000x1_2267.png,PP,"The particle(s) visible in this scanning electron microscope image are irregularly shaped and have a rough, textured surface.",PE,PE,False
resultados/01_extract_real_crops/data/real_crops/test/PP/PP-3000x7_6849.png,PP,"The image shows a particle with a rough, textured surface. The particle appears to be a composite material, likely made of a combination of different materials such as metal, plastic, or a composite thereof. The surface is highly irregular, with visible scratches and scratches on the surface. The edges of the particle are sharp and jagged, indicating a high-speed impact or a sharp impact on the surface.",PE,PE,False
resultados/01_extract_real_crops/data/real_crops/test/PP/PP-3000x7_6664.png,PP,"The image shows a particle with a spherical shape, characterized by a central core and a slightly flattened outer surface. The core appears to be a small, opaque object, possibly a metal or a composite material, due to its uniform size and lack of any visible internal structure. The outer surface is smooth and reflective, indicating a polished or highly polished material. The particle's surface is not highly reflective, suggesting",PE,PE,False
resultados/01_extract_real_crops/data/real_crops/test/PP/PP-1000x1_2079.png,PP,"The image shows a particle with a spherical shape. The particle has a smooth, uniform surface with no visible defects or irregularities. The particle is uniform in size and shape, with a diameter of approximately 10 micrometers. The surface appears to be smooth and free of any visible defects, such as scratches, dents, or imperfections.",PE,PE,False
resultados/01_extract_real_crops/data/real_crops/test/PP/PP-1000x1_1645.png,PP,"The image shows a particle with a spherical shape. The particle has a smooth, uniform surface with no visible defects or irregularities. The particle is oriented vertically, with its center towards the top of the image. The particle appears to be made of a material that is transparent or translucent, allowing light to pass through it. The surface of the particle is smooth and free of any visible defects, suggesting that it",PE,PE,False
resultados/01_extract_real_crops/data/real_crops/test/PP/PP-3000x4_6090.png,PP,"The image shows a particle with a spherical shape. The particle has a smooth, uniform surface with no visible defects or irregularities. The particle is oriented with its long axis parallel to the x-axis and its short axis parallel to the y-axis. The particle is also oriented with its center of mass at the top of the image.","Based on the description provided, the best match is PE (polyethylene).",PE,False
resultados/01_extract_real_crops/data/real_crops/test/PP/PP-1000x1_2373.png,PP,"The image shows a particle with a spherical shape. The particle has a smooth, uniform surface with no visible defects or irregularities. The particle is uniform in size and shape, with a diameter of approximately 10 micrometers. The surface appears to be clean and free of any visible defects, such as scratches, dents, or imperfections.",PE,PE,False
resultados/01_extract_real_crops/data/real_crops/test/PP/PP-1000x1_2024.png,PP,"The image shows a particle with a spherical shape. The particle has a smooth, uniform surface with no visible defects or irregularities. The particle is uniform in size and shape, with a diameter of approximately 10 micrometers. The surface appears to be smooth and free of any visible scratches or marks.",PE,PE,False
resultados/01_extract_real_crops/data/real_crops/test/PP/PP-1000x1_1413.png,PP,"The image shows a particle with a smooth, rounded surface. The particle appears to be a small, uniform object with a uniform size and shape. The surface is smooth and free of any visible defects or irregularities. The particle is also relatively uniform in color, with no obvious variations in hue or texture.",PE,PE,False
resultados/01_extract_real_crops/data/real_crops/test/PP/PP-1000x1_1968.png,PP,"The image shows a particle with a spherical shape. The particle has a smooth, uniform surface with no visible defects or irregularities. The particle is oriented with its center towards the top of the image, and it appears to be floating in a medium that is not clearly visible. The particle is not interacting with any other particles or objects, and it is not interacting with any other materials or substances.",PE,PE,False
resultados/01_extract_real_crops/data/real_crops/test/PP/PP-1000x1_2428.png,PP,"The image shows a particle with a spherical shape. The particle has a smooth, uniform surface with no visible defects or irregularities. The particle is oriented with its long axis parallel to the x-axis, and its short axis parallel to the y-axis. The particle is not transparent, so it appears as a solid black object in the image.",PE,PE,False
resultados/01_extract_real_crops/data/real_crops/test/PP/PP-1000x1_1505.png,PP,"The image shows a particle with a spherical shape. The particle has a smooth, uniform surface with no visible defects or irregularities. The particle is oriented with its center towards the top of the image, and its surface appears to be smooth and reflective, indicating a polished or highly polished surface. The particle is also relatively small, with a diameter that is comparable to the size of a typical human hair.",PE,PE,False
resultados/01_extract_real_crops/data/real_crops/test/PP/PP-1000x1_1489.png,PP,"The image shows a particle with a spherical shape. The particle has a smooth, uniform surface with no visible defects or irregularities. The particle is oriented with its long axis parallel to the x-axis, and its short axis parallel to the y-axis. The particle is also oriented with its center of mass at the top of the image.","Based on the description provided, the best match is PE (polyethylene).",PE,False
resultados/01_extract_real_crops/data/real_crops/test/PP/PP-3000x4_6087.png,PP,"The image shows a particle with a smooth, rounded surface. The particle appears to be a small, uniform object with a uniform size and shape. The surface is smooth and free of any visible defects or irregularities. The particle is not transparent, so it does not allow light to pass through it. The particle is also not transparent, so it does not allow light to pass through it.",PE,PE,False
resultados/01_extract_real_crops/data/real_crops/test/PP/PP-1000x1_1461.png,PP,"The image shows a particle with a spherical shape. The particle has a smooth, uniform surface with no visible defects or irregularities. The particle is oriented with its long axis parallel to the x-axis and its short axis parallel to the y-axis. The particle is also oriented with its center of mass at the top of the image.","Based on the description provided, the best match is PE (polyethylene).",PE,False
resultados/01_extract_real_crops/data/real_crops/test/PP/PP-1000x1_2453.png,PP,"The image shows a particle with a spherical shape. The particle has a smooth, uniform surface with no visible defects or irregularities. The particle is oriented with its long axis parallel to the x-axis and its short axis parallel to the y-axis. The particle is not transparent, so it appears as a solid black object in the image.",PE,PE,False
resultados/01_extract_real_crops/data/real_crops/test/PP/PP-3000x4_6050.png,PP,"The image shows a particle with a spherical shape. The particle has a smooth, uniform surface with no visible defects or irregularities. The particle is oriented with its center towards the top of the image, and it appears to be a solid, non-conductive material. The image is black and white, which makes the particle's color and texture stand out clearly.",PE,PE,False
resultados/01_extract_real_crops/data/real_crops/test/PP/PP-3000x6_6543.png,PP,"The image shows a particle with a rough, textured surface. The particle appears to be a small, irregularly shaped object with a few small holes or indentations on its surface. The edges of the particle are smooth, and the overall shape is somewhat elongated. The surface of the particle is covered with a fine, fine-grained material, which gives it a matte appearance.",PE,PE,False
resultados/01_extract_real_crops/data/real_crops/test/PP/PP-1000x1_2576.png,PP,"The image shows a collection of small, irregularly shaped particles with a rough, textured surface. The particles appear to be randomly distributed across the image, with no clear pattern or concentration. The surface of the particles is not smooth, with visible irregularities and scratches, suggesting they may have been subjected to mechanical stress or exposure to chemicals.",PE,PE,False
resultados/01_extract_real_crops/data/real_crops/test/PP/PP-1000x1_2233.png,PP,"The image shows a particle with a spherical shape. The particle has a smooth, uniform surface with no visible defects or irregularities. The particle is oriented with its long axis parallel to the x-axis and its short axis parallel to the y-axis. The particle is not transparent, so it appears as a solid black object in the image.",PE,PE,False
resultados/01_extract_real_crops/data/real_crops/test/PP/PP-1000x1_1361.png,PP,"The image shows a particle with a spherical shape. The particle has a smooth, uniform surface with no visible defects or irregularities. The particle is oriented with its long axis parallel to the x-axis and its short axis parallel to the y-axis. The particle is not transparent, so it appears as a solid black object in the image.",PE,PE,False
resultados/01_extract_real_crops/data/real_crops/test/PP/PP-1000x1_1947.png,PP,"The image shows a particle with a spherical shape. The surface of the particle is smooth and reflective, with a few small, dark spots scattered around the surface. The particle appears to be metallic, as indicated by the shiny appearance and the reflective surface.","Based on the description provided, the best match is PE (polyethylene).",PE,False
resultados/01_extract_real_crops/data/real_crops/test/PP/PP-1000x1_1404.png,PP,"The image shows a particle with a spherical shape, characterized by a central nucleus and numerous smaller particles surrounding it. The central nucleus is surrounded by a ring of smaller particles, which are also spherical. The surface texture of the particle is smooth, with no visible irregularities or defects.","Based on the description provided, the best match is PE (polyethylene).",PE,False
resultados/01_extract_real_crops/data/real_crops/test/PS/PS-100x_4041.png,PS,"The image shows a particle with a spherical shape. The particle has a smooth, uniform surface with no visible defects or irregularities. The particle is oriented with its long axis parallel to the x-axis and its short axis parallel to the y-axis. The particle is also oriented with its center of mass at the top of the image.","Based on the description provided, the best match is PE (polyethylene).",PE,False
resultados/01_extract_real_crops/data/real_crops/test/PS/PS-100x_4024.png,PS,"The image shows a particle with a spherical shape. The particle has a smooth, uniform surface with no visible defects or irregularities. The particle is oriented with its long axis parallel to the x-axis and its short axis parallel to the y-axis. The particle is not transparent, so it appears as a solid black object in the image.",PE,PE,False
resultados/01_extract_real_crops/data/real_crops/test/PS/PS2-200x2_8733.png,PS,"The image shows a particle with a spherical shape. The particle has a smooth, uniform surface with no visible defects or irregularities. The particle is oriented with its long axis parallel to the x-axis and its short axis parallel to the y-axis. The particle is also oriented with its center of mass at the top of the image.","Based on the description provided, the best match is PE (polyethylene).",PE,False
resultados/01_extract_real_crops/data/real_crops/test/PS/PS-100x_4311.png,PS,The particle is irregularly shaped and has a rough surface texture.,"Based on the description of the particle being irregularly shaped and having a rough surface texture, the best match is PE.",PE,False
resultados/01_extract_real_crops/data/real_crops/test/PS/PS2-200x2_8784.png,PS,"The image shows a particle with a spherical shape. The particle has a smooth, uniform surface with no visible defects or irregularities. The particle is oriented with its center towards the top of the image, and it appears to be floating in a medium that is not clearly defined. The particle is not interacting with any other particles or objects, and it is not interacting with any other materials or substances.",PE,PE,False
resultados/01_extract_real_crops/data/real_crops/test/PS/PS-100x_3922.png,PS,"The image shows a particle with a spherical shape. The particle has a smooth, uniform surface with no visible defects or irregularities. The particle is oriented with its long axis parallel to the x-axis and its short axis parallel to the y-axis. The particle is not transparent, so it appears as a solid, opaque object.","Based on the description provided, the best match is PE. The particle has a spherical shape, smooth surface, and is oriented with its long axis parallel",PE,False
resultados/01_extract_real_crops/data/real_crops/test/PS/PS-100x_4765.png,PS,"The image shows a particle with a spherical shape. The particle has a smooth, uniform surface with no visible defects or irregularities. The particle is oriented horizontally and appears to be in a relatively uniform distribution across the image.",PE,PE,False
resultados/01_extract_real_crops/data/real_crops/test/PS/PS-100x_4814.png,PS,"The image shows a particle with a spherical shape. The particle has a smooth, uniform surface with no visible defects or irregularities. The particle is uniform in size and shape, with a diameter of approximately 10 micrometers. The surface appears to be clean and free of any visible defects, such as scratches, dents, or imperfections.",PE,PE,False
resultados/01_extract_real_crops/data/real_crops/test/PS/PS-100x_4211.png,PS,"The image shows a particle with a spherical shape. The particle has a smooth, uniform surface with no visible defects or irregularities. The particle is oriented with its long axis parallel to the x-axis and its short axis parallel to the y-axis. The particle is also oriented with its center of mass at the top of the image.","Based on the description provided, the best match is PE (polyethylene).",PE,False
resultados/01_extract_real_crops/data/real_crops/test/PS/PS-100x_4291.png,PS,"The image shows a particle with a spherical shape. The particle has a smooth, uniform surface with no visible defects or irregularities. The particle is oriented with its long axis parallel to the x-axis and its short axis parallel to the y-axis. The particle is not transparent, so it does not allow light to pass through it.","Based on the description provided, the best match is PE (polyethylene).",PE,False
resultados/01_extract_real_crops/data/real_crops/test/PS/PS-100x_4613.png,PS,"The image shows a particle with a smooth, rounded surface. The particle appears to be a small, uniform object with a uniform size and shape. The surface is smooth and free of any visible defects or irregularities. The particle is also relatively uniform in color, with no obvious variations in hue or texture.",PE,PE,False
resultados/01_extract_real_crops/data/real_crops/test/PS/PSL 10000X_10187.png,PS,"The image shows a particle with a rough, textured surface. The particle appears to be a composite material, likely made of a combination of different materials such as metal, plastic, or a composite thereof. The surface is highly irregular, with visible scratches and scratches, indicating that the particle has been subjected to wear or impact. The particle's surface is also highly reflective, with a bright, reflective surface that",PE,PE,False
resultados/01_extract_real_crops/data/real_crops/test/PS/PS-100x_4711.png,PS,"The image shows a scanning electron microscope (SEM) image of a particle with a spherical shape. The particle has a smooth, uniform surface with no visible defects or irregularities. The particle is uniform in size, with a diameter of approximately 10 micrometers. The surface appears to be clean and free of any embedded particles or defects.",PE,PE,False
resultados/01_extract_real_crops/data/real_crops/test/PS/PS-100x_4450.png,PS,"The image shows a particle with a spherical shape. The particle has a smooth, uniform surface with no visible defects or irregularities. The particle is uniform in size and shape, with a diameter of approximately 10 micrometers. The surface appears to be clean and free of any visible defects, such as scratches, dents, or imperfections.",PE,PE,False
resultados/01_extract_real_crops/data/real_crops/test/PS/PS-100x_4264.png,PS,"The image shows a particle with a spherical shape. The particle has a smooth, uniform surface with no visible defects or irregularities. The particle is oriented with its long axis parallel to the x-axis and its short axis parallel to the y-axis. The particle is also oriented with its center of mass at the top of the image.","Based on the description provided, the best match is PE (polyethylene).",PE,False
resultados/01_extract_real_crops/data/real_crops/test/PS/PS-100x_4609.png,PS,"The image shows a particle with a spherical shape. The particle has a smooth, uniform surface with no visible defects or irregularities. The particle is oriented with its long axis parallel to the x-axis and its short axis parallel to the y-axis. The particle is not transparent, so it does not allow light to pass through it.","Based on the description provided, the best match is PE (polyethylene).",PE,False
resultados/01_extract_real_crops/data/real_crops/test/PS/PS-200x-2_6817.png,PS,"The image shows a particle with a spherical shape. The particle has a smooth, uniform surface with no visible defects or irregularities. The particle is oriented with its long axis parallel to the x-axis and its short axis parallel to the y-axis. The particle is also oriented with its center of mass at the top of the image.","Based on the description provided, the best match is PE (polyethylene).",PE,False
resultados/01_extract_real_crops/data/real_crops/test/PS/PSL 10000X_10241.png,PS,"The image shows a particle with a spherical shape. The particle has a smooth, reflective surface with a uniform color. The edges of the particle are sharp and well-defined, indicating a high level of precision in its construction. The particle's surface is also highly reflective, suggesting that it is made of a material with a high index of refraction, such as glass or a similar material.",PE,PE,False
resultados/01_extract_real_crops/data/real_crops/test/PS/PS-100x_4292.png,PS,"The image shows a particle with a spherical shape. The particle has a smooth, uniform surface with no visible defects or irregularities. The particle is oriented with its long axis parallel to the x-axis and its short axis parallel to the y-axis. The particle is also oriented with its center of mass at the top of the image.","Based on the description provided, the best match is PE (polyethylene).",PE,False
resultados/01_extract_real_crops/data/real_crops/test/PS/PS2-200x2_8736.png,PS,"The image shows a particle with a smooth, rounded surface. The particle appears to be a small, uniform object with a uniform size and shape. The surface is smooth and free of any visible defects or irregularities. The particle is also relatively uniform in color, with no obvious variations in hue or texture.",PE,PE,False
resultados/01_extract_real_crops/data/real_crops/test/PS/PSL 10000X_10226.png,PS,"The image shows a particle with a rough, textured surface. The edges of the particle are sharp and well-defined, indicating a high level of detail. The particle's surface appears to be covered with a fine, fine-grained material, which is typical of a mineral or a composite material. The surface is also slightly reflective, suggesting that it is polished or has a high gloss.",PE,PE,False
resultados/01_extract_real_crops/data/real_crops/test/PS/PSL 10000X_10208.png,PS,"The image shows a particle with a rough, textured surface. The edges of the particle are clearly visible, and the surface appears to be covered with small, irregularly shaped bumps and indentations. The particle's overall shape is irregular, with no discernible pattern or symmetry.","Based on the description provided, the best match is PE (polyethylene).",PE,False
resultados/01_extract_real_crops/data/real_crops/test/PS/PS-100x_4532.png,PS,"The image shows a particle with a cylindrical shape, characterized by a smooth, slightly curved surface. The particle has a uniform size and appears to be uniform in shape, with no visible irregularities or defects. The surface of the particle is smooth, with no visible scratches or marks, suggesting that it is likely made of a non-conductive material, such as a metal or plastic. The particle is also",PE,PE,False
resultados/01_extract_real_crops/data/real_crops/test/PS/PS-100x_4244.png,PS,"The image shows a particle with a spherical shape. The particle has a smooth, uniform surface with no visible defects or irregularities. The particle is oriented with its long axis parallel to the horizontal axis of the image. The particle is not transparent, so it does not allow light to pass through it.","Based on the description provided, the best match is PE (polyethylene).",PE,False
resultados/01_extract_real_crops/data/real_crops/test/PS/PS-100x_4123.png,PS,"The image shows a scanning electron microscope (SEM) image of a particle with a cylindrical shape. The particle has a smooth, shiny surface with a uniform texture. The particle appears to be made of a material that is transparent or translucent, allowing the internal structure to be visible. The particle has a uniform size and shape, with a diameter of approximately 10 micrometers. The surface of the",PE,PE,False
resultados/01_extract_real_crops/data/real_crops/test/PS/PS-100x_4389.png,PS,"The image shows a particle with a cylindrical shape. The particle has a smooth, shiny surface with a slightly reflective texture. The particle is oriented horizontally and appears to be in a state of rest or static position. The surface of the particle is uniform in color, with no visible signs of wear or damage.","Based on the description provided, the best match is PE (polyethylene).",PE,False
resultados/01_extract_real_crops/data/real_crops/test/PS/PS-100x_4420.png,PS,"The image shows a particle with a rough, textured surface. The particle appears to be a composite material, likely made of a combination of different materials such as metal, plastic, or a composite thereof. The surface of the particle is highly irregular, with sharp edges and a rough, uneven texture. The surface is also highly reflective, indicating that it is made of a material with a high surface-to",PE,PE,False
resultados/01_extract_real_crops/data/real_crops/test/PS/PS-100x_4083.png,PS,"The image shows a scanning electron microscope (SEM) image of a particle with a cylindrical shape. The particle has a smooth, shiny surface with a uniform thickness. The particle appears to be made of a material that is transparent or translucent, allowing the internal structure to be visible. The surface of the particle is smooth and reflective, indicating that it is likely made of a non-conductive material,",PE,PE,False
resultados/01_extract_real_crops/data/real_crops/test/PS/PS-100x_3932.png,PS,"The image shows a scanning electron microscope (SEM) image of a particle with a cylindrical shape. The particle has a smooth, shiny surface with a uniform texture. The particle appears to be made of a material that is transparent or translucent, allowing the internal structure to be visible. The internal structure of the particle is not clearly visible, but it is likely to be made of a similar material to the",PE,PE,False
resultados/01_extract_real_crops/data/real_crops/test/PS/PS-100x_4540.png,PS,"The image shows a particle with a rough, textured surface. The particle appears to be a small, irregularly shaped object with a few sharp edges and a few rounded edges. The surface is covered with a fine, closely packed layer of material, which gives it a matte appearance. The texture is uniform across the particle, with no visible seams or gaps between the layers. The particle is also quite",PE,PE,False
resultados/01_extract_real_crops/data/real_crops/test/PS/PS-200x-2_6853.png,PS,"The image shows a particle with a highly irregular surface texture, characterized by a complex pattern of grooves and ridges. The surface appears to be covered with a fine layer of material, which is likely a thin film or a thin layer of a different material. The particle's surface is not smooth, and there are visible irregularities and grooves that suggest it may be made of a composite material, such as a composite",PE,PE,False
resultados/01_extract_real_crops/data/real_crops/test/PS/PS2-200x2_8820.png,PS,"The image shows a particle with a smooth, rounded surface. The particle appears to be a small, uniform object, likely a metal or a similar material, given its smooth and reflective surface. The particle is uniform in size and shape, with a consistent diameter and a uniform thickness. The surface is smooth, with no visible scratches or imperfections, indicating that it is likely made of a metal or a similar",PE,PE,False
resultados/01_extract_real_crops/data/real_crops/test/PS/PS-100x_4671.png,PS,"The image shows a particle with a cylindrical shape. The particle has a smooth, slightly curved surface with a few small, evenly spaced grooves along its length. The grooves are relatively narrow and spaced closely together, creating a uniform pattern. The particle's surface appears to be smooth and reflective, with no visible imperfections or defects.",PE,PE,False
resultados/01_extract_real_crops/data/real_crops/test/PS/PS-100x_4375.png,PS,"The image shows a particle with a spherical shape. The particle has a smooth, uniform surface with no visible defects or irregularities. The particle is oriented with its long axis parallel to the x-axis and its short axis parallel to the y-axis. The particle is also oriented with its center of mass at the top of the image.","Based on the description provided, the best match is PE (polyethylene).",PE,False
resultados/01_extract_real_crops/data/real_crops/test/PS/PS-100x_4640.png,PS,"The image shows a scanning electron microscope (SEM) image of a particle with a spherical shape. The particle has a smooth, uniform surface with no visible defects or irregularities. The particle is uniform in size, with a diameter of approximately 10 micrometers. The surface appears to be metallic, as evidenced by the sharp edges and the lack of any visible signs of wear or corrosion. The particle",PE,PE,False
resultados/01_extract_real_crops/data/real_crops/test/PS/PS2-200x2_8806.png,PS,"The image shows a particle with a spherical shape. The particle has a smooth, uniform surface with no visible defects or irregularities. The particle is oriented with its long axis parallel to the x-axis and its short axis parallel to the y-axis. The particle is not transparent, so it appears as a solid black object in the image.",PE,PE,False
resultados/01_extract_real_crops/data/real_crops/test/PS/PSL 10000X_10297.png,PS,"The image shows a particle with a rough, textured surface. The particle appears to be a composite material, likely made of a combination of different materials such as metal, plastic, and possibly a composite of both. The surface of the particle is highly irregular, with sharp edges and a rough, uneven texture. The particle's surface is also highly reflective, with a bright, reflective surface that is not uniform",PE,PE,False
resultados/01_extract_real_crops/data/real_crops/test/PS/PS-200x-2_6849.png,PS,"The image shows a particle with a spherical shape. The particle has a smooth, uniform surface with no visible defects or irregularities. The particle is oriented with its long axis parallel to the x-axis and its short axis parallel to the y-axis. The particle is not transparent, so it appears as a solid black object in the image.",PE,PE,False
resultados/01_extract_real_crops/data/real_crops/test/PS/PS2-200x2_8741.png,PS,"The image shows a particle with a rough, textured surface. The particle appears to be irregular in shape, with a few small, irregularly shaped clumps. The surface is covered with a fine, fine-grained material, which gives it a matte appearance. The edges of the particle are sharp and well-defined, with a few small, irregularly shaped protrusions. The overall surface texture suggests",PE,PE,False
resultados/01_extract_real_crops/data/real_crops/test/PS/PSL 10000X_10264.png,PS,"The image shows a particle with a rough, textured surface. The particle appears to be a composite material, likely made of a combination of different materials such as metal, plastic, and possibly a composite of both. The surface of the particle is highly irregular, with sharp edges and a rough, uneven texture. The particle's surface is also highly reflective, with a bright, reflective surface that is not uniform",PE,PE,False
resultados/01_extract_real_crops/data/real_crops/test/PS/PS-200x-2_6889.png,PS,"The image shows a particle with a spherical shape. The particle has a smooth, uniform surface with no visible defects or irregularities. The particle is oriented with its long axis parallel to the x-axis and its short axis parallel to the y-axis. The particle is also oriented with its center of mass at the top of the image.","Based on the description provided, the best match is PE (polyethylene).",PE,False
resultados/01_extract_real_crops/data/real_crops/test/PS/PS-100x_4074.png,PS,"The image shows a particle with a spherical shape. The particle has a smooth, uniform surface with no visible defects or irregularities. The particle is uniform in size and shape, with a diameter of approximately 10 micrometers. The surface appears to be clean and free of any visible defects, such as scratches, dents, or imperfections.",PE,PE,False
resultados/01_extract_real_crops/data/real_crops/test/PS/PS2-200x2_8847.png,PS,"The image shows a particle with a spherical shape. The particle has a smooth, shiny surface with a uniform texture. The edges of the particle are smooth and well-defined, and the particle appears to be uniform in size and shape. The particle is also relatively uniform in color, with no obvious variations in color.",PE,PE,False
resultados/01_extract_real_crops/data/real_crops/test/PS/PS2-200x2_8844.png,PS,"The image shows a particle with a spherical shape, characterized by a smooth, uniform surface. The particle appears to be metallic, as indicated by its shiny, reflective surface. The particle is also quite small, with a diameter that is comparable to the wavelength of light used for imaging. The particle's surface is smooth and free of any visible defects or impurities, suggesting that it is made of a pure,",PE,PE,False
resultados/01_extract_real_crops/data/real_crops/test/PS/PS-100x_4719.png,PS,"The image shows a particle with a spherical shape. The particle has a smooth, uniform surface with no visible defects or irregularities. The particle is oriented with its long axis parallel to the x-axis, and its short axis parallel to the y-axis. The particle is not transparent, so it does not allow light to pass through it.","Based on the description provided, the best match is PE (polyethylene).",PE,False
resultados/01_extract_real_crops/data/real_crops/test/PS/PS-100x_4566.png,PS,"The image shows a particle with a spherical shape. The particle has a smooth, uniform surface with no visible defects or irregularities. The particle is oriented with its long axis parallel to the x-axis and its short axis parallel to the y-axis. The particle is not transparent, so it does not allow light to pass through it.","Based on the description provided, the best match is PE (polyethylene).",PE,False
resultados/01_extract_real_crops/data/real_crops/test/PS/PS-100x_4812.png,PS,"The image shows a particle with a spherical shape. The particle has a smooth, uniform surface with no visible defects or irregularities. The particle is uniform in size and shape, with a diameter of approximately 10 micrometers. The surface appears to be clean and free of any visible defects, such as scratches, dents, or imperfections.",PE,PE,False
resultados/01_extract_real_crops/data/real_crops/test/PS/PS2-200x2_8789.png,PS,"The image shows a particle with a spherical shape. The particle has a smooth, uniform surface with no visible defects or irregularities. The particle is uniform in size and shape, with a diameter of approximately 10 micrometers. The surface appears to be clean and free of any visible defects, such as scratches, dents, or imperfections.",PE,PE,False
resultados/01_extract_real_crops/data/real_crops/test/PS/PS2-200x2_8862.png,PS,"The image shows a particle with a rough, textured surface. The particle appears to be a composite material, likely made of a combination of different materials such as metal, plastic, and possibly a composite of both. The surface of the particle is highly irregular, with visible scratches and scratches on the surface. The edges of the particle are smooth, with no sharp edges or jagged surfaces. The particle has",PE,PE,False
resultados/01_extract_real_crops/data/real_crops/test/PS/PS-100x_4001.png,PS,"The image shows a particle with a spherical shape. The particle has a smooth, uniform surface with no visible defects or irregularities. The particle is oriented with its long axis parallel to the x-axis and its short axis parallel to the y-axis. The particle is also oriented with its center of mass at the top of the image.","Based on the description provided, the best match is PE (polyethylene).",PE,False
resultados/01_extract_real_crops/data/real_crops/test/PS/PS-200x-2_6810.png,PS,"The image shows a particle with a smooth, rounded surface. The particle appears to be a small, round object with a slightly raised center. The edges of the particle are smooth and rounded, and the surface is evenly distributed with no visible irregularities. The particle is also relatively uniform in size, with no significant variations in shape or size.",PE,PE,False
resultados/01_extract_real_crops/data/real_crops/test/PS/PS-100x_3969.png,PS,"The image shows a scanning electron microscope (SEM) image of a particle with a spherical shape. The particle has a smooth, uniform surface with no visible defects or irregularities. The particle is uniform in size, with a diameter of approximately 10 micrometers. The surface appears to be metallic, as evidenced by the sharp edges and the lack of any visible signs of wear or corrosion. The particle",PE,PE,False
resultados/01_extract_real_crops/data/real_crops/test/PS/PS-100x_4734.png,PS,"The image shows a scanning electron microscope (SEM) image of a particle with a spherical shape. The particle has a smooth, uniform surface with no visible defects or irregularities. The particle appears to be uniform in size and shape, with a diameter of approximately 10 micrometers. The surface is smooth and free of any visible defects, such as scratches, dents, or imperfections. The particle",PE,PE,False
resultados/01_extract_real_crops/data/real_crops/test/PS/PSL 10000X_10221.png,PS,"The image shows a black and white scanning electron microscope image of a particle with a rough, textured surface. The particle appears to be a solid, crystalline structure with a uniform size and shape. The surface is covered with a series of parallel, closely spaced lines, which are likely due to the presence of a crystalline lattice structure. The edges of the particle are sharp and well-defined, indicating that it",PE,PE,False
resultados/01_extract_real_crops/data/real_crops/test/PS/PS-100x_4017.png,PS,"The image shows a particle with a spherical shape. The particle has a smooth, uniform surface with no visible defects or irregularities. The particle is oriented with its long axis parallel to the x-axis and its short axis parallel to the y-axis. The particle is also oriented with its center of mass at the top of the image.","Based on the description provided, the best match is PE (polyethylene).",PE,False
resultados/01_extract_real_crops/data/real_crops/test/PS/PS2-200x2_8854.png,PS,"The image shows a particle with a smooth, rounded surface. The particle appears to be a small, uniform object with a uniform size and shape. The surface is smooth and free of any visible defects or irregularities. The particle is not transparent, so it does not allow light to pass through it. The particle is also not transparent, so it does not allow light to pass through it.",PE,PE,False
resultados/01_extract_real_crops/data/real_crops/test/PS/PS-100x_4219.png,PS,The particle is irregularly shaped with a rough surface.,"Based on the description of the particle being irregularly shaped with a rough surface, the best match is PE.",PE,False
resultados/01_extract_real_crops/data/real_crops/test/PS/PS-100x_4045.png,PS,"The image shows a particle with a spherical shape. The particle has a smooth, uniform surface with no visible defects or irregularities. The particle is uniform in size and shape, with a diameter of approximately 10 micrometers. The surface appears to be clean and free of any visible defects, such as scratches, dents, or imperfections.",PE,PE,False
resultados/01_extract_real_crops/data/real_crops/test/PS/PS-100x_4409.png,PS,"The image shows a particle with a highly irregular surface texture. The particle appears to be a small, round object with a slightly raised center. The surface is covered with a series of small, irregularly shaped bumps and ridges, which give it a somewhat chaotic appearance. The edges of the particle are smooth, with a few small, sharp protrusions that help to define its shape. The particle's surface",PE,PE,False
resultados/01_extract_real_crops/data/real_crops/test/PS/PSL 10000X_10249.png,PS,"The image shows a particle with a smooth, rounded surface. The particle appears to be a solid, possibly a metal or a composite material, given its uniform shape and smooth surface. The edges of the particle are sharp and well-defined, indicating a high level of precision and quality. The particle's surface is also relatively smooth, with no visible scratches or imperfections. The particle's color is uniform,",PE,PE,False
