epoch,time,train/box_loss,train/cls_loss,train/l1_loss,metrics/precision(B),metrics/recall(B),metrics/mAP50(B),metrics/mAP50-95(B),val/box_loss,val/cls_loss,val/l1_loss,lr/pg0,lr/pg1,lr/pg2
1,6.65778,2.46508,4.68751,0.00367,0.06536,0.15734,0.00725,0.00348,2.43594,4.43591,0.0034,3.31276e-05,3.31276e-05,0.0669056
2,12.9765,2.32864,3.34174,0.00319,0.06693,0.2511,0.02455,0.00945,2.40553,4.14432,0.00303,6.646e-05,6.646e-05,0.0336056
3,19.5243,2.23061,3.22572,0.00304,0.08048,0.3013,0.03564,0.01327,2.34043,4.06086,0.00289,9.97887e-05,9.97887e-05,0.00030555
4,25.9302,2.1641,3.18895,0.00298,0.06903,0.34397,0.04108,0.01503,2.33818,3.90853,0.00288,9.99875e-05,9.99875e-05,9.99875e-05
5,32.36,2.16474,2.97693,0.0031,0.06572,0.39838,0.05471,0.01907,2.32464,3.6989,0.0029,9.99778e-05,9.99778e-05,9.99778e-05
6,38.9483,2.17294,3.06081,0.00297,0.14615,0.43976,0.06269,0.01964,2.35948,3.68025,0.00293,9.99653e-05,9.99653e-05,9.99653e-05
7,45.3562,2.12442,2.82624,0.00295,0.11625,0.48343,0.06941,0.02138,2.32262,3.5154,0.00283,9.995e-05,9.995e-05,9.995e-05
8,51.8807,2.1449,2.86028,0.00294,0.10815,0.51513,0.0742,0.02248,2.30763,3.3656,0.00284,9.9932e-05,9.9932e-05,9.9932e-05
9,58.428,2.05299,2.65463,0.00276,0.07405,0.51721,0.07372,0.02138,2.35541,3.31488,0.0029,9.99112e-05,9.99112e-05,9.99112e-05
10,64.7911,2.07153,2.67483,0.00265,0.07345,0.53078,0.07436,0.01993,2.44065,3.20188,0.00302,9.98876e-05,9.98876e-05,9.98876e-05
11,71.1924,2.09485,2.44918,0.00276,0.07279,0.55528,0.08255,0.02269,2.44905,3.11964,0.00306,9.98613e-05,9.98613e-05,9.98613e-05
12,77.7657,2.07897,2.51216,0.00278,0.07524,0.59341,0.10651,0.03168,2.35795,2.95404,0.00296,9.98322e-05,9.98322e-05,9.98322e-05
13,84.2638,2.06917,2.51948,0.00285,0.07336,0.60983,0.10385,0.03021,2.39926,2.99032,0.00302,9.98003e-05,9.98003e-05,9.98003e-05
14,90.6641,2.04763,2.4001,0.00265,0.07257,0.61973,0.11026,0.02986,2.4904,2.89293,0.00316,9.97656e-05,9.97656e-05,9.97656e-05
15,97.1295,2.00782,2.3468,0.00284,0.06931,0.61145,0.10725,0.02761,2.56267,2.82684,0.00328,9.97282e-05,9.97282e-05,9.97282e-05
16,103.53,2.0002,2.36139,0.00284,0.07412,0.6255,0.11955,0.03072,2.51435,2.78279,0.00325,9.96881e-05,9.96881e-05,9.96881e-05
17,109.963,2.00313,2.29691,0.00262,0.11396,0.56098,0.13051,0.0344,2.48332,2.73081,0.00322,9.96452e-05,9.96452e-05,9.96452e-05
18,116.553,1.97612,2.27218,0.00266,0.1986,0.32119,0.14052,0.03788,2.47233,2.65093,0.00323,9.95995e-05,9.95995e-05,9.95995e-05
19,123.146,1.95313,2.29128,0.00268,0.20234,0.26572,0.14981,0.04089,2.52065,2.56689,0.00327,9.95511e-05,9.95511e-05,9.95511e-05
20,129.672,1.91052,2.16349,0.00255,0.18096,0.43968,0.14473,0.04079,2.46685,2.61696,0.00318,9.94999e-05,9.94999e-05,9.94999e-05
21,136.222,1.95389,2.20284,0.00243,0.18319,0.42515,0.14159,0.03657,2.58257,2.60015,0.00335,9.9446e-05,9.9446e-05,9.9446e-05
22,142.656,1.93761,2.13546,0.0026,0.23434,0.25821,0.1485,0.03735,2.67477,2.54611,0.0035,9.93893e-05,9.93893e-05,9.93893e-05
23,149.217,1.95973,2.15651,0.00248,0.234,0.30952,0.16245,0.04848,2.48845,2.51667,0.0032,9.93299e-05,9.93299e-05,9.93299e-05
24,155.741,1.92252,2.07263,0.00266,0.23557,0.25912,0.16868,0.04898,2.52771,2.44693,0.00328,9.92678e-05,9.92678e-05,9.92678e-05
25,162.333,1.91604,2.0392,0.00255,0.24005,0.31238,0.18406,0.05907,2.38046,2.42652,0.00306,9.92029e-05,9.92029e-05,9.92029e-05
26,168.904,1.94037,2.08937,0.00241,0.23322,0.30695,0.17831,0.05324,2.50637,2.28329,0.00328,9.91353e-05,9.91353e-05,9.91353e-05
27,175.37,1.93325,2.05124,0.00255,0.24114,0.29525,0.15615,0.04467,2.57398,2.30728,0.0034,9.9065e-05,9.9065e-05,9.9065e-05
28,181.814,1.91695,1.99841,0.00251,0.24785,0.27809,0.17024,0.05599,2.38525,2.31409,0.00306,9.8992e-05,9.8992e-05,9.8992e-05
29,188.351,1.82247,1.89379,0.00241,0.23783,0.28014,0.15987,0.04252,2.56977,2.38519,0.0034,9.89163e-05,9.89163e-05,9.89163e-05
30,194.793,1.90446,1.89099,0.00245,0.24551,0.31423,0.17592,0.05006,2.51863,2.27893,0.00332,9.88378e-05,9.88378e-05,9.88378e-05
31,201.347,1.8761,1.82341,0.00243,0.27404,0.33049,0.19209,0.0577,2.49906,2.16427,0.00322,9.87566e-05,9.87566e-05,9.87566e-05
32,207.812,1.89556,1.9186,0.00245,0.24503,0.32969,0.16842,0.04609,2.53992,2.2697,0.00332,9.86728e-05,9.86728e-05,9.86728e-05
33,214.291,1.89736,1.86306,0.00233,0.24806,0.33631,0.16836,0.04553,2.55456,2.23799,0.00339,9.85862e-05,9.85862e-05,9.85862e-05
34,220.858,1.90806,2.01607,0.00238,0.27743,0.35865,0.19816,0.05626,2.56434,2.08687,0.00334,9.8497e-05,9.8497e-05,9.8497e-05
35,227.264,1.81574,1.67137,0.0023,0.27596,0.3572,0.19377,0.05386,2.58614,2.12772,0.00342,9.84051e-05,9.84051e-05,9.84051e-05
36,233.749,1.90404,1.84061,0.0024,0.28215,0.34454,0.17341,0.05227,2.44762,2.34792,0.00311,9.83105e-05,9.83105e-05,9.83105e-05
37,240.355,1.90463,1.85685,0.00239,0.26208,0.37798,0.18268,0.0506,2.55772,2.26415,0.00332,9.82132e-05,9.82132e-05,9.82132e-05
38,246.827,1.8085,1.77963,0.00223,0.29311,0.37865,0.21821,0.06526,2.51331,2.09638,0.00331,9.81133e-05,9.81133e-05,9.81133e-05
39,253.399,1.84793,1.77157,0.00221,0.28337,0.35232,0.19407,0.05525,2.50349,2.30785,0.0033,9.80107e-05,9.80107e-05,9.80107e-05
40,259.956,1.85979,1.75687,0.00227,0.27251,0.36807,0.19919,0.06125,2.45637,2.26679,0.00317,9.79054e-05,9.79054e-05,9.79054e-05
41,266.411,1.80493,1.71881,0.00234,0.28453,0.37462,0.21471,0.06292,2.56278,2.15084,0.00333,9.77975e-05,9.77975e-05,9.77975e-05
42,272.862,1.80745,1.7335,0.00215,0.29537,0.36812,0.21633,0.06067,2.59694,2.1624,0.0034,9.7687e-05,9.7687e-05,9.7687e-05
43,279.388,1.78983,1.67413,0.00211,0.28649,0.38525,0.22297,0.0663,2.47407,2.14486,0.00324,9.75738e-05,9.75738e-05,9.75738e-05
44,286.184,1.83202,1.64383,0.0023,0.30854,0.38862,0.22907,0.06194,2.58502,2.09008,0.00347,9.7458e-05,9.7458e-05,9.7458e-05
45,293.778,1.77248,1.61618,0.00226,0.30853,0.3594,0.20934,0.05576,2.61223,2.22975,0.00351,9.73396e-05,9.73396e-05,9.73396e-05
46,300.258,1.80099,1.64503,0.00232,0.31261,0.34715,0.20503,0.05654,2.57759,2.2282,0.00337,9.72186e-05,9.72186e-05,9.72186e-05
47,308.624,1.80362,1.60596,0.00224,0.32267,0.39707,0.23733,0.06712,2.54382,2.11724,0.0033,9.7095e-05,9.7095e-05,9.7095e-05
48,317.451,1.76529,1.51231,0.00214,0.32103,0.43814,0.25942,0.0826,2.39942,2.02291,0.00308,9.69688e-05,9.69688e-05,9.69688e-05
49,326.28,1.81126,1.62412,0.00223,0.34227,0.41023,0.27159,0.0855,2.46711,1.98498,0.00319,9.68399e-05,9.68399e-05,9.68399e-05
50,334.56,1.79675,1.5382,0.00216,0.32804,0.40303,0.23319,0.07058,2.49494,2.15208,0.00321,9.67085e-05,9.67085e-05,9.67085e-05
51,341.134,1.76704,1.49546,0.00234,0.36689,0.3646,0.29972,0.08783,2.62824,2.09658,0.00349,9.65746e-05,9.65746e-05,9.65746e-05
52,348.935,1.75244,1.44542,0.00224,0.38691,0.32979,0.29753,0.08071,2.78644,2.0874,0.00385,9.6438e-05,9.6438e-05,9.6438e-05
53,356.651,1.74741,1.4584,0.00217,0.32037,0.37947,0.24215,0.0673,2.62488,2.1164,0.0035,9.6299e-05,9.6299e-05,9.6299e-05
54,363.165,1.75023,1.4522,0.0023,0.29143,0.35455,0.21887,0.05318,2.79863,2.16663,0.00384,9.61573e-05,9.61573e-05,9.61573e-05
55,372.017,1.75901,1.41093,0.00216,0.33909,0.38686,0.28075,0.08526,2.52798,2.05218,0.00329,9.60131e-05,9.60131e-05,9.60131e-05
56,378.926,1.73974,1.38061,0.00233,0.33169,0.3765,0.25867,0.07079,2.68019,2.11022,0.00363,9.58664e-05,9.58664e-05,9.58664e-05
57,385.445,1.76574,1.48623,0.00215,0.34486,0.35394,0.26172,0.07325,2.64351,2.17317,0.00358,9.57172e-05,9.57172e-05,9.57172e-05
58,391.88,1.78458,1.42927,0.0021,0.37206,0.32223,0.3134,0.09205,2.67687,2.10834,0.00365,9.55655e-05,9.55655e-05,9.55655e-05
59,398.454,1.74867,1.44334,0.00221,0.31393,0.39129,0.25948,0.07209,2.65881,2.15293,0.00358,9.54112e-05,9.54112e-05,9.54112e-05
60,405.332,1.80978,1.45012,0.00222,0.3161,0.39552,0.2439,0.06886,2.56523,2.21289,0.00338,9.52545e-05,9.52545e-05,9.52545e-05
61,411.756,1.76182,1.48574,0.00222,0.3544,0.37416,0.27461,0.07686,2.60257,2.06053,0.00346,9.50953e-05,9.50953e-05,9.50953e-05
62,419.647,1.7894,1.39691,0.00222,0.3,0.37181,0.21722,0.05556,2.69582,2.16673,0.00368,9.49336e-05,9.49336e-05,9.49336e-05
63,426.096,1.80514,1.38874,0.00219,0.31052,0.39278,0.22346,0.06023,2.63603,2.16573,0.0036,9.47695e-05,9.47695e-05,9.47695e-05
64,434.558,1.74031,1.31445,0.00208,0.33422,0.39254,0.24383,0.07052,2.56157,2.11569,0.00341,9.46028e-05,9.46028e-05,9.46028e-05
65,441.086,1.78159,1.36318,0.0022,0.30589,0.3882,0.2243,0.06252,2.63789,2.15986,0.00352,9.44338e-05,9.44338e-05,9.44338e-05
66,447.554,1.73894,1.36885,0.00212,0.30788,0.3709,0.22402,0.06187,2.68358,2.16653,0.00362,9.42623e-05,9.42623e-05,9.42623e-05
67,454.058,1.76655,1.37488,0.00215,0.30037,0.39399,0.23603,0.06773,2.5828,2.16724,0.00341,9.40884e-05,9.40884e-05,9.40884e-05
68,460.583,1.73409,1.33835,0.00214,0.32817,0.35987,0.23876,0.06915,2.53279,2.18743,0.00337,9.39121e-05,9.39121e-05,9.39121e-05
69,468.358,1.78549,1.34547,0.00203,0.3245,0.38537,0.22645,0.06139,2.64303,2.22959,0.00358,9.37334e-05,9.37334e-05,9.37334e-05
70,474.81,1.71592,1.31191,0.00206,0.37372,0.37677,0.26909,0.07662,2.55798,2.22113,0.00344,9.35523e-05,9.35523e-05,9.35523e-05
71,483.341,1.79683,1.36572,0.00211,0.35817,0.40315,0.26374,0.07733,2.51172,2.24671,0.00334,9.33688e-05,9.33688e-05,9.33688e-05
72,489.909,1.70185,1.29824,0.00201,0.30392,0.39311,0.2212,0.05893,2.63,2.40026,0.00356,9.3183e-05,9.3183e-05,9.3183e-05
73,496.316,1.67821,1.24421,0.00207,0.31111,0.37285,0.20886,0.05851,2.63117,2.39703,0.00352,9.29948e-05,9.29948e-05,9.29948e-05
74,502.869,1.74127,1.29677,0.00213,0.37631,0.37891,0.24536,0.06864,2.6443,2.22656,0.0036,9.28042e-05,9.28042e-05,9.28042e-05
75,509.279,1.71535,1.2827,0.00218,0.31562,0.36043,0.21325,0.05763,2.63783,2.34118,0.00357,9.26113e-05,9.26113e-05,9.26113e-05
76,515.724,1.66605,1.38915,0.00205,0.28238,0.3864,0.21432,0.05561,2.70491,2.36906,0.00366,9.24161e-05,9.24161e-05,9.24161e-05
77,522.245,1.71058,1.21602,0.00204,0.28084,0.42441,0.24873,0.06732,2.69199,2.27329,0.00364,9.22186e-05,9.22186e-05,9.22186e-05
78,528.766,1.76372,1.2884,0.00209,0.36712,0.32726,0.29376,0.07944,2.68766,2.14522,0.00366,9.20188e-05,9.20188e-05,9.20188e-05
79,535.414,1.74717,1.24982,0.0024,0.36274,0.35553,0.26045,0.06789,2.72501,2.27457,0.0037,9.18167e-05,9.18167e-05,9.18167e-05
80,541.873,1.71716,1.23534,0.00206,0.33388,0.38566,0.24634,0.06283,2.75429,2.23941,0.00378,9.16124e-05,9.16124e-05,9.16124e-05
81,548.326,1.67124,1.26105,0.002,0.32911,0.41965,0.26101,0.06786,2.6807,2.17501,0.00366,9.14058e-05,9.14058e-05,9.14058e-05
82,554.823,1.69246,1.26338,0.00208,0.36526,0.4212,0.2828,0.07823,2.55824,2.15543,0.0034,9.11969e-05,9.11969e-05,9.11969e-05
83,561.292,1.71509,1.21981,0.00197,0.38572,0.43896,0.29571,0.07963,2.63243,2.12942,0.00352,9.09858e-05,9.09858e-05,9.09858e-05
84,567.75,1.68073,1.20511,0.00207,0.38149,0.45794,0.32512,0.0952,2.55355,2.08136,0.00337,9.07725e-05,9.07725e-05,9.07725e-05
85,575.707,1.74519,1.23748,0.00205,0.38771,0.39285,0.27951,0.07431,2.68507,2.16071,0.00359,9.0557e-05,9.0557e-05,9.0557e-05
86,582.153,1.68689,1.23889,0.00205,0.44577,0.39143,0.31025,0.09114,2.48721,2.15165,0.00322,9.03393e-05,9.03393e-05,9.03393e-05
87,590.109,1.65326,1.1796,0.00198,0.36812,0.3896,0.26679,0.0701,2.72859,2.19689,0.00372,9.01194e-05,9.01194e-05,9.01194e-05
88,596.661,1.7118,1.21199,0.00204,0.33695,0.43977,0.27774,0.07553,2.6211,2.21313,0.00356,8.98973e-05,8.98973e-05,8.98973e-05
89,603.065,1.66107,1.20868,0.00202,0.31782,0.40727,0.24004,0.05624,2.83933,2.26482,0.00404,8.96731e-05,8.96731e-05,8.96731e-05
90,610.962,1.70634,1.15719,0.00206,0.3654,0.36955,0.25609,0.06252,2.80734,2.26231,0.00393,8.94467e-05,8.94467e-05,8.94467e-05
91,617.411,1.63276,1.13762,0.00199,0.35661,0.42461,0.29792,0.07826,2.71388,2.13754,0.00376,8.92183e-05,8.92183e-05,8.92183e-05
92,625.89,1.65396,1.14878,0.00199,0.3604,0.41519,0.26636,0.06354,2.84724,2.24237,0.00397,8.89877e-05,8.89877e-05,8.89877e-05
93,632.46,1.75689,1.20211,0.00192,0.37868,0.40403,0.28454,0.0755,2.74217,2.12991,0.00375,8.8755e-05,8.8755e-05,8.8755e-05
94,638.91,1.68297,1.22385,0.00212,0.33742,0.41007,0.26329,0.05727,2.94222,2.17566,0.00413,8.85202e-05,8.85202e-05,8.85202e-05
95,645.366,1.6724,1.14838,0.00201,0.44914,0.40735,0.351,0.09416,2.7163,1.97432,0.0037,8.82834e-05,8.82834e-05,8.82834e-05
96,651.862,1.64329,1.16946,0.00195,0.42228,0.43484,0.3382,0.092,2.67177,2.05871,0.00365,8.80445e-05,8.80445e-05,8.80445e-05
97,659.568,1.64596,1.11976,0.00193,0.46587,0.4633,0.40312,0.11914,2.56238,1.99243,0.00345,8.78036e-05,8.78036e-05,8.78036e-05
98,668.44,1.66235,1.08514,0.0019,0.45807,0.44906,0.36648,0.09848,2.65247,2.06879,0.00357,8.75606e-05,8.75606e-05,8.75606e-05
99,674.961,1.65303,1.08631,0.00198,0.44342,0.43119,0.33015,0.0891,2.6637,2.11878,0.00359,8.73157e-05,8.73157e-05,8.73157e-05
100,681.43,1.70594,1.15382,0.00202,0.42822,0.4216,0.37803,0.10516,2.68719,2.08429,0.00365,8.70687e-05,8.70687e-05,8.70687e-05
101,688.927,1.70036,1.10351,0.00204,0.43988,0.40764,0.3719,0.10692,2.66674,2.13791,0.00367,8.68198e-05,8.68198e-05,8.68198e-05
102,695.394,1.67436,1.13818,0.00195,0.39631,0.46383,0.34313,0.09597,2.58636,2.18107,0.00349,8.65689e-05,8.65689e-05,8.65689e-05
103,701.84,1.64897,1.10708,0.00206,0.38713,0.42925,0.31809,0.08307,2.70008,2.15831,0.00369,8.63161e-05,8.63161e-05,8.63161e-05
104,708.419,1.6924,1.12288,0.00194,0.39151,0.46326,0.36656,0.10721,2.56517,2.10026,0.00342,8.60613e-05,8.60613e-05,8.60613e-05
105,714.857,1.70248,1.15945,0.00199,0.51662,0.34687,0.40584,0.11809,2.60447,2.14625,0.00352,8.58046e-05,8.58046e-05,8.58046e-05
106,721.841,1.62914,1.03329,0.00198,0.46517,0.40311,0.3764,0.10266,2.68301,2.13221,0.0037,8.5546e-05,8.5546e-05,8.5546e-05
107,728.408,1.71128,1.12686,0.00191,0.35865,0.45705,0.3312,0.08818,2.71146,2.16455,0.00375,8.52856e-05,8.52856e-05,8.52856e-05
108,736.854,1.64628,1.06556,0.0019,0.31733,0.4635,0.30146,0.08238,2.63525,2.23977,0.00361,8.50232e-05,8.50232e-05,8.50232e-05
109,743.341,1.59605,1.04648,0.00183,0.43014,0.32433,0.33228,0.09113,2.68452,2.17856,0.00372,8.4759e-05,8.4759e-05,8.4759e-05
110,749.884,1.64191,1.07287,0.00189,0.52574,0.38441,0.39798,0.11402,2.6496,2.0417,0.00365,8.4493e-05,8.4493e-05,8.4493e-05
111,756.308,1.65929,1.0632,0.00186,0.52341,0.34282,0.36284,0.09667,2.72042,2.21971,0.0038,8.42252e-05,8.42252e-05,8.42252e-05
112,762.843,1.67505,1.11452,0.0019,0.47644,0.35636,0.37348,0.10533,2.64257,2.23312,0.00361,8.39555e-05,8.39555e-05,8.39555e-05
113,769.304,1.62421,1.08737,0.0019,0.48705,0.46477,0.41982,0.12531,2.54534,2.10976,0.00343,8.36841e-05,8.36841e-05,8.36841e-05
114,775.861,1.72541,1.13885,0.00208,0.52629,0.45076,0.43335,0.13061,2.53463,2.09007,0.0034,8.34109e-05,8.34109e-05,8.34109e-05
115,782.627,1.62375,1.02441,0.00187,0.5682,0.37607,0.41986,0.12341,2.57747,2.171,0.00345,8.31359e-05,8.31359e-05,8.31359e-05
116,789.053,1.64778,1.06203,0.00212,0.50608,0.40083,0.39747,0.11523,2.64014,2.0629,0.00357,8.28592e-05,8.28592e-05,8.28592e-05
117,795.466,1.62727,1.05843,0.00182,0.47731,0.40498,0.36899,0.10334,2.64821,2.20119,0.0036,8.25808e-05,8.25808e-05,8.25808e-05
118,802.048,1.68112,1.1193,0.00192,0.45519,0.4118,0.40098,0.12202,2.59951,2.09242,0.00349,8.23007e-05,8.23007e-05,8.23007e-05
119,808.517,1.64171,1.06751,0.00182,0.51834,0.38952,0.39954,0.11355,2.63729,2.13878,0.00358,8.20189e-05,8.20189e-05,8.20189e-05
120,815.034,1.63265,1.04534,0.00187,0.54444,0.34596,0.37819,0.10641,2.64108,2.20496,0.00362,8.17354e-05,8.17354e-05,8.17354e-05
121,821.61,1.6039,1.0108,0.00194,0.49463,0.31995,0.34332,0.0931,2.68662,2.3117,0.00371,8.14503e-05,8.14503e-05,8.14503e-05
122,828.065,1.63585,1.11885,0.00192,0.42531,0.40193,0.36252,0.10646,2.60157,2.24653,0.00352,8.11636e-05,8.11636e-05,8.11636e-05
123,834.62,1.6318,1.06959,0.00185,0.4884,0.29488,0.35485,0.0987,2.70139,2.26133,0.0037,8.08752e-05,8.08752e-05,8.08752e-05
124,841.082,1.65319,1.06694,0.00189,0.48818,0.31592,0.34729,0.09961,2.67539,2.21164,0.00365,8.05853e-05,8.05853e-05,8.05853e-05
125,847.561,1.66018,1.02766,0.00186,0.43844,0.37778,0.30417,0.08123,2.73421,2.26394,0.00377,8.02938e-05,8.02938e-05,8.02938e-05
126,854.108,1.64732,1.05667,0.00191,0.44757,0.39158,0.35829,0.11051,2.5496,2.19423,0.00338,8.00007e-05,8.00007e-05,8.00007e-05
127,860.609,1.65339,1.10357,0.00185,0.46217,0.36254,0.32204,0.08941,2.66619,2.23387,0.00364,7.9706e-05,7.9706e-05,7.9706e-05
128,868.049,1.63025,0.99149,0.0018,0.38501,0.43649,0.30924,0.08535,2.60915,2.30446,0.00343,7.94099e-05,7.94099e-05,7.94099e-05
129,874.568,1.6753,1.04082,0.00188,0.41457,0.3958,0.31508,0.08196,2.74637,2.27053,0.00377,7.91122e-05,7.91122e-05,7.91122e-05
130,881.021,1.60278,1.04079,0.00178,0.35329,0.44557,0.32087,0.07717,2.76111,2.22396,0.0039,7.88131e-05,7.88131e-05,7.88131e-05
131,887.467,1.64439,1.01478,0.00183,0.38785,0.45324,0.33939,0.09894,2.52939,2.23985,0.00339,7.85124e-05,7.85124e-05,7.85124e-05
132,893.831,1.62368,1.03574,0.00196,0.46453,0.42442,0.36722,0.1087,2.53699,2.14284,0.00345,7.82104e-05,7.82104e-05,7.82104e-05
133,901.51,1.61844,0.99495,0.00185,0.46807,0.43213,0.37562,0.10705,2.61283,2.13716,0.00356,7.79069e-05,7.79069e-05,7.79069e-05
134,907.997,1.62378,1.02089,0.00191,0.49653,0.45387,0.42323,0.13616,2.42515,2.11187,0.00321,7.76019e-05,7.76019e-05,7.76019e-05
135,914.658,1.68265,1.08604,0.00198,0.439,0.44058,0.38275,0.11236,2.53378,2.22103,0.00342,7.72956e-05,7.72956e-05,7.72956e-05
136,921.103,1.63776,1.01977,0.00184,0.42416,0.39123,0.34051,0.08757,2.74419,2.33333,0.00378,7.6988e-05,7.6988e-05,7.6988e-05
137,927.582,1.55578,0.95797,0.00183,0.46927,0.39203,0.36263,0.10583,2.60755,2.34472,0.00347,7.66789e-05,7.66789e-05,7.66789e-05
138,934.026,1.61062,0.9749,0.00197,0.44181,0.35221,0.35091,0.09687,2.74842,2.42914,0.00378,7.63685e-05,7.63685e-05,7.63685e-05
139,940.413,1.61811,1.01137,0.00196,0.42625,0.37304,0.31805,0.08261,2.71416,2.45924,0.00374,7.60568e-05,7.60568e-05,7.60568e-05
140,946.931,1.6123,0.97011,0.00179,0.46332,0.3941,0.37391,0.10734,2.56945,2.33569,0.00345,7.57438e-05,7.57438e-05,7.57438e-05
141,953.511,1.60929,0.9628,0.00179,0.4365,0.39337,0.34851,0.09142,2.65668,2.35478,0.00364,7.54296e-05,7.54296e-05,7.54296e-05
142,959.965,1.59139,1.00817,0.00178,0.4163,0.42924,0.3479,0.09478,2.62889,2.38017,0.00357,7.5114e-05,7.5114e-05,7.5114e-05
143,966.475,1.6274,1.02468,0.00186,0.48024,0.42172,0.40104,0.11605,2.5601,2.42151,0.0034,7.47973e-05,7.47973e-05,7.47973e-05
144,972.96,1.60311,1.01847,0.00188,0.63019,0.34089,0.41443,0.11632,2.64535,2.42094,0.00365,7.44793e-05,7.44793e-05,7.44793e-05
145,979.409,1.60055,0.98961,0.00182,0.52745,0.37565,0.39974,0.11373,2.61471,2.38631,0.00358,7.41601e-05,7.41601e-05,7.41601e-05
146,987.947,1.59239,0.99917,0.00191,0.55749,0.37966,0.37925,0.10726,2.58335,2.39986,0.00344,7.38397e-05,7.38397e-05,7.38397e-05
147,994.459,1.59574,1.03467,0.00177,0.46683,0.41461,0.35849,0.09556,2.67978,2.28686,0.00362,7.35181e-05,7.35181e-05,7.35181e-05
148,1000.89,1.57824,0.94887,0.00182,0.50583,0.43692,0.38921,0.11514,2.5169,2.25259,0.00331,7.31955e-05,7.31955e-05,7.31955e-05
149,1007.46,1.56622,0.97071,0.0018,0.4826,0.43044,0.36853,0.0992,2.64155,2.30758,0.00363,7.28717e-05,7.28717e-05,7.28717e-05
150,1013.89,1.53343,0.91809,0.00168,0.45355,0.41398,0.34176,0.08804,2.6915,2.39826,0.00371,7.25467e-05,7.25467e-05,7.25467e-05
151,1020.37,1.6204,0.96459,0.00181,0.4666,0.44419,0.38607,0.10716,2.60917,2.24823,0.00351,7.22208e-05,7.22208e-05,7.22208e-05
152,1026.92,1.55246,0.91649,0.00177,0.46098,0.41618,0.37716,0.10046,2.65964,2.29069,0.00364,7.18937e-05,7.18937e-05,7.18937e-05
153,1033.34,1.55034,0.918,0.0018,0.54102,0.38585,0.40391,0.11695,2.54999,2.44662,0.00342,7.15656e-05,7.15656e-05,7.15656e-05
154,1039.82,1.58377,0.96698,0.00181,0.50952,0.39482,0.3864,0.10257,2.69483,2.33851,0.00376,7.12365e-05,7.12365e-05,7.12365e-05
155,1046.37,1.56821,0.93519,0.0018,0.49566,0.415,0.39625,0.10798,2.69972,2.37653,0.00375,7.09064e-05,7.09064e-05,7.09064e-05
156,1052.82,1.60356,0.96968,0.00183,0.45584,0.44554,0.39257,0.10189,2.76387,2.3024,0.00386,7.05753e-05,7.05753e-05,7.05753e-05
157,1059.28,1.61739,1.03658,0.00191,0.50429,0.43842,0.44714,0.12485,2.64237,2.398,0.00359,7.02432e-05,7.02432e-05,7.02432e-05
158,1065.83,1.54861,0.9572,0.00189,0.49455,0.43583,0.42307,0.11574,2.72007,2.37353,0.00378,6.99102e-05,6.99102e-05,6.99102e-05
159,1072.32,1.57218,1.00576,0.00181,0.57614,0.4421,0.45846,0.14504,2.51351,2.21939,0.00332,6.95763e-05,6.95763e-05,6.95763e-05
160,1080.04,1.55704,0.93227,0.00183,0.5465,0.46152,0.4112,0.11589,2.62488,2.14907,0.00352,6.92415e-05,6.92415e-05,6.92415e-05
161,1086.57,1.59235,0.96636,0.0018,0.51455,0.46119,0.39675,0.11065,2.6542,2.13033,0.00356,6.89058e-05,6.89058e-05,6.89058e-05
162,1094.9,1.54971,0.93963,0.00174,0.52778,0.46291,0.42544,0.11928,2.63511,2.15531,0.00354,6.85692e-05,6.85692e-05,6.85692e-05
163,1101.52,1.54571,0.9195,0.00176,0.50919,0.47783,0.44123,0.12716,2.61103,2.16329,0.00353,6.82318e-05,6.82318e-05,6.82318e-05
164,1108.05,1.58519,0.95898,0.00178,0.54245,0.42866,0.4314,0.12408,2.63328,2.12349,0.00362,6.78936e-05,6.78936e-05,6.78936e-05
165,1114.49,1.53187,0.96078,0.00168,0.47328,0.43617,0.38131,0.10519,2.65548,2.23551,0.00368,6.75546e-05,6.75546e-05,6.75546e-05
166,1121.03,1.62363,0.94348,0.00171,0.45954,0.44043,0.34951,0.0948,2.63767,2.25992,0.0036,6.72148e-05,6.72148e-05,6.72148e-05
167,1127.51,1.57868,0.96143,0.00171,0.4596,0.45924,0.37711,0.1014,2.66297,2.18076,0.00363,6.68743e-05,6.68743e-05,6.68743e-05
168,1133.96,1.58678,0.94994,0.00173,0.49293,0.44598,0.40969,0.11013,2.67659,2.17611,0.00367,6.6533e-05,6.6533e-05,6.6533e-05
169,1140.49,1.55269,0.90903,0.00174,0.55043,0.4014,0.39636,0.10767,2.6606,2.28388,0.00361,6.6191e-05,6.6191e-05,6.6191e-05
170,1147.1,1.61249,0.94892,0.00177,0.52026,0.36476,0.40997,0.1167,2.67689,2.24183,0.00363,6.58484e-05,6.58484e-05,6.58484e-05
171,1153.56,1.60111,0.97616,0.00167,0.5188,0.42802,0.4455,0.12958,2.61884,2.15928,0.00355,6.5505e-05,6.5505e-05,6.5505e-05
172,1160.16,1.57807,0.89997,0.0018,0.50507,0.42129,0.37575,0.10019,2.67159,2.27585,0.00367,6.51611e-05,6.51611e-05,6.51611e-05
173,1166.59,1.58401,0.95296,0.00172,0.51526,0.46044,0.40284,0.11624,2.53694,2.24487,0.00334,6.48164e-05,6.48164e-05,6.48164e-05
174,1173.17,1.61167,0.98692,0.00177,0.49576,0.43539,0.41491,0.11996,2.57496,2.20887,0.00343,6.44712e-05,6.44712e-05,6.44712e-05
175,1179.58,1.56062,0.8699,0.00179,0.52482,0.41158,0.41298,0.11718,2.59557,2.21955,0.00349,6.41254e-05,6.41254e-05,6.41254e-05
176,1186.01,1.54752,0.97767,0.00174,0.51947,0.43585,0.44363,0.12905,2.58573,2.18606,0.00352,6.37791e-05,6.37791e-05,6.37791e-05
177,1192.68,1.57764,0.92273,0.00172,0.57772,0.40015,0.44609,0.13679,2.55044,2.22818,0.00338,6.34322e-05,6.34322e-05,6.34322e-05
178,1199.12,1.60216,0.94352,0.00167,0.5554,0.39488,0.42082,0.11719,2.6857,2.25884,0.00364,6.30847e-05,6.30847e-05,6.30847e-05
179,1205.54,1.55887,0.93053,0.00178,0.53095,0.4249,0.44388,0.13158,2.56426,2.26037,0.0034,6.27368e-05,6.27368e-05,6.27368e-05
180,1212.02,1.50262,0.86448,0.00165,0.49181,0.47495,0.44514,0.12284,2.66376,2.22863,0.00364,6.23884e-05,6.23884e-05,6.23884e-05
181,1218.45,1.60609,0.94208,0.00169,0.50494,0.46775,0.45819,0.1367,2.56268,2.24891,0.00345,6.20396e-05,6.20396e-05,6.20396e-05
182,1224.9,1.56547,0.90259,0.00178,0.5131,0.45729,0.43487,0.12232,2.64894,2.24306,0.00361,6.16903e-05,6.16903e-05,6.16903e-05
183,1231.43,1.55231,0.89487,0.00181,0.51425,0.49369,0.46127,0.14312,2.53523,2.15035,0.0034,6.13406e-05,6.13406e-05,6.13406e-05
184,1239.22,1.52228,0.87726,0.00167,0.55026,0.47844,0.43444,0.12337,2.63132,2.18872,0.00359,6.09905e-05,6.09905e-05,6.09905e-05
185,1245.62,1.49483,0.87818,0.00162,0.56588,0.45409,0.44417,0.12938,2.62734,2.21208,0.00355,6.064e-05,6.064e-05,6.064e-05
186,1252.1,1.5584,0.90267,0.00171,0.54287,0.43854,0.42541,0.11919,2.64231,2.21562,0.00355,6.02892e-05,6.02892e-05,6.02892e-05
187,1258.52,1.53836,0.90862,0.00177,0.52152,0.456,0.42875,0.11659,2.64979,2.19373,0.00356,5.9938e-05,5.9938e-05,5.9938e-05
188,1264.95,1.51135,0.89209,0.00162,0.47616,0.47184,0.4067,0.10402,2.7554,2.21756,0.00381,5.95866e-05,5.95866e-05,5.95866e-05
189,1271.48,1.50816,0.89683,0.00171,0.51241,0.48914,0.44816,0.12274,2.63981,2.28209,0.00354,5.92349e-05,5.92349e-05,5.92349e-05
190,1277.9,1.56153,0.90714,0.00173,0.53961,0.43654,0.42636,0.1104,2.70425,2.34248,0.00367,5.88829e-05,5.88829e-05,5.88829e-05
191,1284.43,1.54379,0.8862,0.00171,0.5246,0.44105,0.41765,0.11056,2.68725,2.31237,0.00368,5.85307e-05,5.85307e-05,5.85307e-05
192,1290.92,1.50517,0.88733,0.00159,0.49844,0.44913,0.39658,0.10319,2.65977,2.3161,0.00365,5.81782e-05,5.81782e-05,5.81782e-05
193,1297.34,1.55904,0.90285,0.00165,0.50227,0.45395,0.3917,0.10002,2.69892,2.27128,0.00375,5.78256e-05,5.78256e-05,5.78256e-05
194,1303.81,1.52689,0.88487,0.00167,0.53432,0.4619,0.43083,0.117,2.65283,2.20714,0.00369,5.74728e-05,5.74728e-05,5.74728e-05
195,1310.33,1.56293,0.90692,0.00164,0.54338,0.45397,0.41776,0.11192,2.70974,2.23017,0.0038,5.71198e-05,5.71198e-05,5.71198e-05
196,1316.75,1.49687,0.88873,0.00162,0.56319,0.47026,0.47358,0.13558,2.61093,2.11004,0.00354,5.67667e-05,5.67667e-05,5.67667e-05
197,1323.24,1.54737,0.87996,0.00171,0.51499,0.44063,0.44284,0.11883,2.73569,2.13566,0.00382,5.64135e-05,5.64135e-05,5.64135e-05
198,1329.74,1.52847,0.87011,0.00179,0.51009,0.4627,0.43671,0.11835,2.70943,2.13442,0.00381,5.60602e-05,5.60602e-05,5.60602e-05
199,1336.15,1.56281,0.91562,0.0016,0.50539,0.49533,0.42986,0.11501,2.66439,2.14292,0.0037,5.57068e-05,5.57068e-05,5.57068e-05
200,1342.58,1.55201,0.86932,0.00165,0.45106,0.46091,0.35718,0.08235,2.88381,2.22172,0.00416,5.53534e-05,5.53534e-05,5.53534e-05
201,1349.08,1.51076,0.88919,0.0017,0.48188,0.48125,0.38979,0.10205,2.70751,2.18263,0.00375,5.5e-05,5.5e-05,5.5e-05
202,1355.52,1.56091,0.9154,0.00165,0.48898,0.49193,0.40368,0.10691,2.70191,2.17891,0.00373,5.46466e-05,5.46466e-05,5.46466e-05
203,1361.96,1.52928,0.88325,0.00168,0.48614,0.46973,0.40657,0.1039,2.77393,2.17143,0.00391,5.42932e-05,5.42932e-05,5.42932e-05
204,1368.83,1.47883,0.91968,0.00167,0.50539,0.47184,0.43361,0.11721,2.64512,2.19536,0.00362,5.39398e-05,5.39398e-05,5.39398e-05
205,1375.26,1.51709,0.85728,0.0016,0.53311,0.46531,0.44507,0.12185,2.63424,2.18273,0.00357,5.35865e-05,5.35865e-05,5.35865e-05
206,1381.82,1.50726,0.83726,0.00166,0.54111,0.42553,0.3868,0.10267,2.71338,2.23248,0.00372,5.32333e-05,5.32333e-05,5.32333e-05
207,1388.26,1.52481,0.88373,0.00168,0.56877,0.4436,0.41981,0.11252,2.67258,2.20543,0.00362,5.28802e-05,5.28802e-05,5.28802e-05
208,1394.7,1.54118,0.86522,0.00164,0.50624,0.43674,0.36705,0.08867,2.80058,2.28317,0.00392,5.25272e-05,5.25272e-05,5.25272e-05
209,1401.59,1.52252,0.85434,0.00167,0.54576,0.49518,0.47169,0.14153,2.57042,2.17481,0.00349,5.21744e-05,5.21744e-05,5.21744e-05
210,1408,1.51494,0.85936,0.00168,0.53747,0.46649,0.46433,0.12866,2.63929,2.21989,0.00363,5.18218e-05,5.18218e-05,5.18218e-05
211,1414.57,1.519,0.86733,0.00174,0.53057,0.46052,0.47009,0.13553,2.6468,2.22854,0.00362,5.14693e-05,5.14693e-05,5.14693e-05
212,1421.05,1.51101,0.87568,0.00161,0.52894,0.47483,0.45847,0.13153,2.63445,2.23084,0.00362,5.11171e-05,5.11171e-05,5.11171e-05
213,1427.47,1.47653,0.80244,0.00161,0.53856,0.47218,0.44387,0.12166,2.68317,2.23059,0.0037,5.07651e-05,5.07651e-05,5.07651e-05
214,1433.92,1.52813,0.86724,0.00172,0.56586,0.47079,0.43972,0.12577,2.58736,2.26466,0.00349,5.04134e-05,5.04134e-05,5.04134e-05
215,1440.43,1.43926,0.82852,0.00159,0.52839,0.43664,0.39377,0.10583,2.64807,2.30886,0.00362,5.0062e-05,5.0062e-05,5.0062e-05
216,1446.89,1.51021,0.88019,0.00175,0.47501,0.43533,0.37114,0.09338,2.72972,2.33494,0.00378,4.97108e-05,4.97108e-05,4.97108e-05
217,1453.34,1.54072,0.86908,0.00159,0.43872,0.46021,0.3925,0.10739,2.60308,2.32228,0.00351,4.936e-05,4.936e-05,4.936e-05
218,1460.03,1.5483,0.83914,0.00161,0.5031,0.37525,0.37913,0.10502,2.59652,2.38042,0.00348,4.90095e-05,4.90095e-05,4.90095e-05
219,1466.51,1.52775,0.89596,0.00172,0.49077,0.45741,0.42035,0.12052,2.61154,2.28219,0.00356,4.86594e-05,4.86594e-05,4.86594e-05
220,1472.95,1.51735,0.83945,0.00161,0.51418,0.47869,0.44772,0.13012,2.56802,2.25944,0.00349,4.83097e-05,4.83097e-05,4.83097e-05
221,1479.5,1.51764,0.8601,0.00164,0.50172,0.46279,0.41756,0.1152,2.61697,2.33518,0.0036,4.79604e-05,4.79604e-05,4.79604e-05
222,1485.96,1.52055,0.83884,0.00164,0.50869,0.46674,0.40838,0.11854,2.57347,2.26914,0.00346,4.76116e-05,4.76116e-05,4.76116e-05
223,1492.41,1.48742,0.80395,0.00165,0.48769,0.44503,0.3961,0.10834,2.64996,2.23606,0.00359,4.72632e-05,4.72632e-05,4.72632e-05
224,1498.95,1.48485,0.8226,0.00166,0.49701,0.46159,0.41035,0.11058,2.70561,2.21741,0.00374,4.69153e-05,4.69153e-05,4.69153e-05
225,1505.54,1.52785,0.85643,0.00157,0.52471,0.4601,0.43634,0.12131,2.63811,2.20693,0.0036,4.65678e-05,4.65678e-05,4.65678e-05
226,1511.99,1.47854,0.8274,0.00154,0.5108,0.43921,0.41629,0.11431,2.75036,2.173,0.00383,4.62209e-05,4.62209e-05,4.62209e-05
227,1518.51,1.50303,0.83766,0.0017,0.52407,0.45074,0.44214,0.12155,2.70723,2.16192,0.00371,4.58746e-05,4.58746e-05,4.58746e-05
228,1524.95,1.47064,0.82435,0.0016,0.54406,0.4678,0.46002,0.13203,2.62817,2.12078,0.00353,4.55288e-05,4.55288e-05,4.55288e-05
229,1531.37,1.48568,0.84687,0.00169,0.53506,0.45796,0.43386,0.11785,2.6923,2.14556,0.00369,4.51836e-05,4.51836e-05,4.51836e-05
230,1537.93,1.49959,0.85019,0.00159,0.54784,0.44981,0.42671,0.11667,2.69853,2.14384,0.00374,4.48389e-05,4.48389e-05,4.48389e-05
231,1544.35,1.46393,0.80404,0.00151,0.53281,0.45721,0.42996,0.12167,2.63725,2.13759,0.00363,4.4495e-05,4.4495e-05,4.4495e-05
232,1550.92,1.47242,0.84,0.00164,0.52733,0.44995,0.42506,0.11652,2.65607,2.15309,0.00365,4.41516e-05,4.41516e-05,4.41516e-05
233,1557.48,1.47872,0.84241,0.00164,0.52712,0.47387,0.45357,0.12669,2.64143,2.12176,0.0036,4.3809e-05,4.3809e-05,4.3809e-05
234,1563.89,1.42746,0.78515,0.00155,0.55362,0.45709,0.45101,0.12086,2.70759,2.14762,0.00373,4.3467e-05,4.3467e-05,4.3467e-05
235,1570.36,1.4801,0.82792,0.00161,0.56015,0.45572,0.42862,0.11384,2.69572,2.19939,0.00372,4.31257e-05,4.31257e-05,4.31257e-05
236,1576.93,1.51425,0.8321,0.00168,0.50896,0.46333,0.41926,0.11087,2.70992,2.25605,0.00377,4.27852e-05,4.27852e-05,4.27852e-05
237,1583.33,1.49305,0.8046,0.00159,0.52087,0.46947,0.42846,0.11459,2.70088,2.26875,0.00374,4.24454e-05,4.24454e-05,4.24454e-05
238,1589.91,1.48115,0.80178,0.00151,0.52152,0.51171,0.47191,0.14045,2.56203,2.23089,0.00343,4.21064e-05,4.21064e-05,4.21064e-05
239,1596.46,1.49123,0.82243,0.00156,0.54919,0.49212,0.46953,0.13314,2.59574,2.2309,0.0035,4.17682e-05,4.17682e-05,4.17682e-05
240,1602.96,1.53743,0.86503,0.00158,0.56271,0.48791,0.4793,0.1427,2.56765,2.22196,0.00346,4.14308e-05,4.14308e-05,4.14308e-05
241,1609.52,1.47682,0.82766,0.00158,0.51774,0.47787,0.45303,0.12441,2.65499,2.27436,0.00364,4.10942e-05,4.10942e-05,4.10942e-05
242,1615.95,1.44708,0.78834,0.00145,0.53089,0.44797,0.42199,0.11249,2.74331,2.29283,0.00383,4.07585e-05,4.07585e-05,4.07585e-05
243,1622.41,1.49241,0.88024,0.00152,0.58613,0.44601,0.44953,0.12567,2.66776,2.25367,0.00365,4.04237e-05,4.04237e-05,4.04237e-05
244,1628.96,1.52724,0.85652,0.00161,0.58297,0.46495,0.4683,0.12916,2.67732,2.20955,0.00367,4.00898e-05,4.00898e-05,4.00898e-05
245,1635.53,1.50843,0.89755,0.00153,0.52542,0.46843,0.43835,0.11549,2.71329,2.2312,0.00375,3.97568e-05,3.97568e-05,3.97568e-05
246,1641.97,1.43794,0.80431,0.00152,0.53383,0.46985,0.4565,0.12485,2.68105,2.19044,0.00365,3.94247e-05,3.94247e-05,3.94247e-05
247,1648.51,1.48509,0.83569,0.00153,0.50681,0.46126,0.43723,0.11867,2.6918,2.23066,0.00369,3.90936e-05,3.90936e-05,3.90936e-05
248,1654.9,1.39971,0.821,0.00147,0.47369,0.47715,0.42268,0.11546,2.69018,2.27868,0.00369,3.87635e-05,3.87635e-05,3.87635e-05
249,1661.46,1.45084,0.80724,0.00145,0.46598,0.46011,0.42653,0.11392,2.77913,2.2987,0.00393,3.84344e-05,3.84344e-05,3.84344e-05
250,1667.96,1.50904,0.84743,0.00165,0.47213,0.47017,0.44049,0.12729,2.66507,2.27868,0.00369,3.81063e-05,3.81063e-05,3.81063e-05
251,1674.39,1.46889,0.79842,0.00158,0.53849,0.45069,0.47449,0.14545,2.54868,2.22907,0.00344,3.77792e-05,3.77792e-05,3.77792e-05
252,1681.17,1.50041,0.85405,0.00163,0.45928,0.44939,0.41386,0.11106,2.70292,2.34836,0.00377,3.74533e-05,3.74533e-05,3.74533e-05
253,1687.66,1.48895,0.80969,0.00158,0.52881,0.40231,0.39802,0.10835,2.70269,2.30846,0.0037,3.71283e-05,3.71283e-05,3.71283e-05
254,1694.18,1.56106,0.86063,0.00176,0.50104,0.40823,0.38499,0.10267,2.68803,2.31,0.00367,3.68045e-05,3.68045e-05,3.68045e-05
255,1700.73,1.46524,0.80741,0.00151,0.4708,0.42779,0.37973,0.0991,2.71111,2.32241,0.00374,3.64819e-05,3.64819e-05,3.64819e-05
256,1707.18,1.47735,0.83853,0.00161,0.5196,0.43243,0.41732,0.11741,2.61656,2.2686,0.00357,3.61603e-05,3.61603e-05,3.61603e-05
257,1713.61,1.46261,0.82561,0.00163,0.5295,0.43134,0.4239,0.11751,2.62836,2.22473,0.00358,3.58399e-05,3.58399e-05,3.58399e-05
258,1720.28,1.49125,0.79884,0.00161,0.52829,0.42348,0.41081,0.1084,2.73158,2.26546,0.00378,3.55207e-05,3.55207e-05,3.55207e-05
259,1726.74,1.41364,0.7507,0.00151,0.54136,0.3805,0.38526,0.10389,2.7575,2.30993,0.00379,3.52027e-05,3.52027e-05,3.52027e-05
260,1733.17,1.46893,0.81605,0.00158,0.52051,0.3986,0.38206,0.10323,2.74141,2.33805,0.00376,3.4886e-05,3.4886e-05,3.4886e-05
261,1739.68,1.4441,0.78949,0.00157,0.58902,0.40208,0.45143,0.13483,2.56599,2.31579,0.00341,3.45704e-05,3.45704e-05,3.45704e-05
262,1746.12,1.45348,0.78914,0.00154,0.53868,0.40331,0.42298,0.11403,2.73346,2.30746,0.00378,3.42562e-05,3.42562e-05,3.42562e-05
263,1752.62,1.48909,0.83229,0.00159,0.54306,0.40477,0.42174,0.11373,2.74299,2.28581,0.00381,3.39432e-05,3.39432e-05,3.39432e-05
264,1759.15,1.48007,0.79162,0.0015,0.58249,0.41509,0.44015,0.12367,2.68911,2.28831,0.0037,3.36315e-05,3.36315e-05,3.36315e-05
265,1765.73,1.47164,0.83633,0.00161,0.53487,0.43662,0.44069,0.12235,2.68723,2.22204,0.0037,3.33211e-05,3.33211e-05,3.33211e-05
266,1772.24,1.45987,0.79897,0.00151,0.52075,0.44176,0.42334,0.1155,2.68142,2.28745,0.00367,3.3012e-05,3.3012e-05,3.3012e-05
267,1778.8,1.5389,0.8542,0.00149,0.54141,0.48162,0.47838,0.14477,2.57814,2.20924,0.00348,3.27044e-05,3.27044e-05,3.27044e-05
268,1785.26,1.49299,0.86714,0.0016,0.52338,0.46269,0.44606,0.12454,2.655,2.2573,0.00364,3.23981e-05,3.23981e-05,3.23981e-05
269,1791.68,1.40546,0.78396,0.00155,0.50637,0.45763,0.43294,0.12152,2.64975,2.34855,0.00366,3.20931e-05,3.20931e-05,3.20931e-05
270,1798.18,1.41228,0.70513,0.00143,0.51787,0.44659,0.40917,0.10901,2.7183,2.34289,0.00376,3.17896e-05,3.17896e-05,3.17896e-05
271,1804.73,1.43918,0.78227,0.00155,0.51402,0.46736,0.43428,0.11,2.76541,2.29389,0.00388,3.14876e-05,3.14876e-05,3.14876e-05
272,1811.16,1.41966,0.75523,0.00149,0.52993,0.48011,0.45126,0.12616,2.63119,2.29711,0.00357,3.11869e-05,3.11869e-05,3.11869e-05
273,1817.7,1.46474,0.80731,0.00154,0.49185,0.46783,0.42345,0.11207,2.74277,2.22332,0.00377,3.08878e-05,3.08878e-05,3.08878e-05
274,1824.16,1.49112,0.82234,0.00151,0.53958,0.49224,0.47002,0.13511,2.67245,2.17376,0.00363,3.05901e-05,3.05901e-05,3.05901e-05
275,1830.7,1.46472,0.8272,0.00155,0.52716,0.46991,0.44366,0.11996,2.73366,2.20936,0.00379,3.0294e-05,3.0294e-05,3.0294e-05
276,1837.17,1.46042,0.79743,0.00147,0.54652,0.48124,0.45991,0.12678,2.67808,2.18115,0.00369,2.99993e-05,2.99993e-05,2.99993e-05
277,1843.6,1.41432,0.77219,0.0015,0.55688,0.44364,0.46667,0.13125,2.6666,2.16905,0.00368,2.97062e-05,2.97062e-05,2.97062e-05
278,1850.32,1.47498,0.80426,0.00151,0.5265,0.48511,0.45588,0.12892,2.67991,2.14946,0.00371,2.94147e-05,2.94147e-05,2.94147e-05
279,1856.83,1.52396,0.83279,0.00166,0.5238,0.42121,0.42131,0.10869,2.78428,2.23605,0.00396,2.91248e-05,2.91248e-05,2.91248e-05
280,1863.3,1.41948,0.75991,0.00157,0.46459,0.45227,0.38544,0.10318,2.70925,2.28689,0.00375,2.88364e-05,2.88364e-05,2.88364e-05
281,1869.81,1.44191,0.7916,0.00152,0.5084,0.43275,0.41233,0.10989,2.68658,2.27863,0.00373,2.85497e-05,2.85497e-05,2.85497e-05
282,1876.21,1.46298,0.78106,0.00149,0.49611,0.41765,0.39106,0.09881,2.75934,2.36483,0.00389,2.82646e-05,2.82646e-05,2.82646e-05
283,1882.62,1.46842,0.78259,0.00157,0.46209,0.43564,0.37801,0.0958,2.75678,2.38,0.00389,2.79811e-05,2.79811e-05,2.79811e-05
284,1889.11,1.45105,0.79607,0.00148,0.4999,0.4459,0.40058,0.10629,2.68452,2.32008,0.00372,2.76993e-05,2.76993e-05,2.76993e-05
285,1895.68,1.476,0.81357,0.00154,0.56748,0.44673,0.44287,0.12536,2.62147,2.2306,0.00356,2.74192e-05,2.74192e-05,2.74192e-05
286,1902.07,1.43157,0.74895,0.00153,0.57144,0.44875,0.4484,0.1217,2.68585,2.24047,0.00372,2.71408e-05,2.71408e-05,2.71408e-05
287,1908.6,1.42752,0.79634,0.00154,0.49525,0.45935,0.41288,0.10847,2.72025,2.27407,0.0038,2.68641e-05,2.68641e-05,2.68641e-05
288,1915.09,1.50973,0.85648,0.00166,0.5307,0.47491,0.44377,0.12704,2.63736,2.19188,0.00361,2.65891e-05,2.65891e-05,2.65891e-05
289,1921.62,1.41631,0.77537,0.00155,0.54531,0.4495,0.41797,0.1136,2.67504,2.23178,0.00367,2.63159e-05,2.63159e-05,2.63159e-05
290,1928.06,1.40163,0.75936,0.00145,0.51482,0.47193,0.43886,0.1206,2.69679,2.21582,0.00372,2.60445e-05,2.60445e-05,2.60445e-05
291,1934.52,1.41289,0.75031,0.00158,0.47665,0.45524,0.40554,0.10554,2.76888,2.2982,0.00388,2.57748e-05,2.57748e-05,2.57748e-05
292,1941.23,1.47349,0.78354,0.00149,0.5012,0.47995,0.42782,0.12224,2.66835,2.28258,0.00364,2.5507e-05,2.5507e-05,2.5507e-05
293,1947.66,1.4388,0.78007,0.0014,0.48236,0.4711,0.40784,0.10666,2.77498,2.32387,0.00391,2.5241e-05,2.5241e-05,2.5241e-05
294,1954.12,1.45245,0.78654,0.00152,0.5719,0.45978,0.45966,0.12946,2.68281,2.23894,0.00371,2.49768e-05,2.49768e-05,2.49768e-05
295,1960.67,1.42651,0.78338,0.00145,0.51328,0.47785,0.42411,0.11111,2.80198,2.23167,0.00396,2.47144e-05,2.47144e-05,2.47144e-05
296,1967.13,1.45815,0.75807,0.00154,0.49667,0.48071,0.42223,0.11379,2.75932,2.25565,0.00386,2.4454e-05,2.4454e-05,2.4454e-05
297,1973.55,1.38779,0.74955,0.00156,0.54164,0.45152,0.42249,0.11048,2.78433,2.26915,0.00395,2.41954e-05,2.41954e-05,2.41954e-05
298,1980.08,1.4165,0.77417,0.0015,0.55017,0.47931,0.4552,0.12891,2.67257,2.19965,0.00371,2.39387e-05,2.39387e-05,2.39387e-05
299,1987.31,1.45244,0.76572,0.00148,0.53743,0.49413,0.44684,0.12727,2.66843,2.20929,0.00366,2.36839e-05,2.36839e-05,2.36839e-05
300,1994.21,1.47646,0.83739,0.00153,0.52876,0.48074,0.44269,0.12131,2.72902,2.20231,0.00383,2.34311e-05,2.34311e-05,2.34311e-05
301,2000.62,1.42591,0.78023,0.0015,0.54156,0.48369,0.43689,0.12372,2.66803,2.18439,0.00368,2.31802e-05,2.31802e-05,2.31802e-05
302,2007.09,1.4219,0.75552,0.00147,0.5232,0.46829,0.41333,0.1081,2.80009,2.25459,0.00392,2.29313e-05,2.29313e-05,2.29313e-05
303,2013.63,1.46515,0.81924,0.0015,0.52429,0.48295,0.43476,0.12169,2.70801,2.25096,0.00374,2.26843e-05,2.26843e-05,2.26843e-05
304,2020.02,1.41138,0.79662,0.00147,0.52666,0.47612,0.43258,0.1148,2.7445,2.25782,0.00381,2.24394e-05,2.24394e-05,2.24394e-05
305,2026.45,1.39313,0.72771,0.00146,0.50672,0.45513,0.41383,0.10775,2.78436,2.28402,0.0039,2.21964e-05,2.21964e-05,2.21964e-05
306,2032.97,1.45901,0.79803,0.00155,0.53114,0.4568,0.43396,0.11766,2.73217,2.2544,0.0038,2.19555e-05,2.19555e-05,2.19555e-05
307,2039.56,1.45724,0.77373,0.00149,0.57766,0.44769,0.44362,0.12587,2.6433,2.27101,0.00363,2.17166e-05,2.17166e-05,2.17166e-05
308,2046,1.45706,0.8125,0.00152,0.56896,0.48709,0.46877,0.13901,2.58539,2.17767,0.00349,2.14798e-05,2.14798e-05,2.14798e-05
309,2052.5,1.43896,0.79881,0.00156,0.57739,0.51531,0.49187,0.15179,2.54848,2.11219,0.00342,2.1245e-05,2.1245e-05,2.1245e-05
310,2059.05,1.46025,0.81218,0.00156,0.52828,0.47259,0.42899,0.11589,2.76132,2.19338,0.00388,2.10123e-05,2.10123e-05,2.10123e-05
311,2065.62,1.44599,0.8006,0.00149,0.53912,0.48419,0.4427,0.12341,2.71457,2.19057,0.00376,2.07817e-05,2.07817e-05,2.07817e-05
312,2072.03,1.38761,0.74417,0.00146,0.54157,0.48248,0.44114,0.11704,2.7498,2.1956,0.00385,2.05533e-05,2.05533e-05,2.05533e-05
313,2078.61,1.44542,0.78902,0.00145,0.55052,0.48876,0.44863,0.12283,2.67929,2.18648,0.00368,2.03269e-05,2.03269e-05,2.03269e-05
314,2085.14,1.46886,0.81073,0.00145,0.54661,0.45561,0.43582,0.11971,2.69864,2.19693,0.00373,2.01027e-05,2.01027e-05,2.01027e-05
315,2091.55,1.41,0.81105,0.00149,0.54618,0.47576,0.44391,0.1233,2.65516,2.18299,0.00364,1.98806e-05,1.98806e-05,1.98806e-05
316,2098,1.46595,0.80774,0.00153,0.53691,0.47368,0.42804,0.11628,2.69544,2.21562,0.00371,1.96607e-05,1.96607e-05,1.96607e-05
317,2104.62,1.43621,0.773,0.00151,0.54956,0.46506,0.44901,0.12302,2.7214,2.17516,0.00377,1.9443e-05,1.9443e-05,1.9443e-05
318,2111.06,1.46502,0.82702,0.00153,0.53443,0.48176,0.44381,0.12354,2.67751,2.16385,0.00367,1.92275e-05,1.92275e-05,1.92275e-05
319,2117.6,1.46004,0.77396,0.00147,0.52073,0.45937,0.41466,0.11253,2.72071,2.21471,0.00377,1.90142e-05,1.90142e-05,1.90142e-05
320,2124.13,1.40917,0.76348,0.0015,0.53866,0.47923,0.43551,0.12138,2.65113,2.20381,0.00362,1.88031e-05,1.88031e-05,1.88031e-05
321,2130.56,1.41958,0.77383,0.00152,0.52059,0.49183,0.43557,0.12082,2.6529,2.18712,0.00363,1.85942e-05,1.85942e-05,1.85942e-05
322,2137.07,1.41585,0.75338,0.00143,0.54092,0.47468,0.43983,0.12647,2.62866,2.21914,0.00355,1.83876e-05,1.83876e-05,1.83876e-05
323,2143.5,1.43057,0.7528,0.00144,0.50841,0.4886,0.42519,0.11941,2.64927,2.18163,0.00359,1.81833e-05,1.81833e-05,1.81833e-05
324,2149.96,1.46732,0.80978,0.00148,0.52798,0.464,0.4279,0.11476,2.73328,2.21895,0.00378,1.79812e-05,1.79812e-05,1.79812e-05
325,2156.51,1.4273,0.78439,0.00144,0.54131,0.47648,0.44495,0.12416,2.65088,2.20981,0.00358,1.77814e-05,1.77814e-05,1.77814e-05
326,2162.96,1.41326,0.76445,0.00144,0.58852,0.44488,0.45078,0.126,2.65884,2.23524,0.00365,1.75839e-05,1.75839e-05,1.75839e-05
327,2169.55,1.44509,0.77214,0.00151,0.56768,0.48066,0.46122,0.12981,2.64982,2.17992,0.0036,1.73887e-05,1.73887e-05,1.73887e-05
328,2176.14,1.44992,0.77667,0.00156,0.51437,0.46188,0.42534,0.11378,2.70514,2.23313,0.00374,1.71958e-05,1.71958e-05,1.71958e-05
329,2182.6,1.47248,0.80992,0.00148,0.52333,0.46618,0.42714,0.11368,2.70874,2.21586,0.00374,1.70052e-05,1.70052e-05,1.70052e-05
330,2189.14,1.41816,0.74923,0.00143,0.54047,0.49617,0.45124,0.12409,2.65863,2.18452,0.00359,1.6817e-05,1.6817e-05,1.6817e-05
331,2195.62,1.43152,0.77511,0.00152,0.51113,0.47633,0.40262,0.10574,2.75424,2.19366,0.00382,1.66312e-05,1.66312e-05,1.66312e-05
332,2202.08,1.42954,0.78169,0.0014,0.55202,0.48654,0.44567,0.12185,2.66436,2.16529,0.00361,1.64477e-05,1.64477e-05,1.64477e-05
333,2208.74,1.4806,0.77636,0.00148,0.54953,0.50234,0.45794,0.13536,2.54505,2.16207,0.00335,1.62666e-05,1.62666e-05,1.62666e-05
334,2215.23,1.46479,0.8026,0.00145,0.55345,0.46427,0.46948,0.139,2.58242,2.20112,0.00343,1.60879e-05,1.60879e-05,1.60879e-05
335,2221.69,1.44682,0.80238,0.00146,0.53404,0.45265,0.42763,0.11781,2.68958,2.27127,0.00368,1.59116e-05,1.59116e-05,1.59116e-05
336,2228.25,1.42459,0.74766,0.00147,0.49145,0.47799,0.41936,0.11307,2.67724,2.29405,0.00366,1.57377e-05,1.57377e-05,1.57377e-05
337,2234.73,1.41029,0.78734,0.00143,0.53744,0.47825,0.45036,0.12745,2.62465,2.21576,0.00354,1.55662e-05,1.55662e-05,1.55662e-05
338,2241.28,1.4073,0.76376,0.00147,0.53123,0.43788,0.42841,0.11867,2.68994,2.27607,0.00369,1.53972e-05,1.53972e-05,1.53972e-05
339,2247.7,1.41286,0.79425,0.00148,0.46387,0.44376,0.3975,0.10705,2.73247,2.31102,0.00378,1.52305e-05,1.52305e-05,1.52305e-05
340,2254.27,1.41979,0.74274,0.00143,0.49303,0.43165,0.40899,0.1131,2.69695,2.27716,0.00373,1.50664e-05,1.50664e-05,1.50664e-05
341,2260.82,1.3946,0.75946,0.00138,0.46067,0.44421,0.36344,0.09402,2.84996,2.31171,0.00402,1.49047e-05,1.49047e-05,1.49047e-05
342,2267.31,1.44018,0.78034,0.00138,0.49518,0.42332,0.39104,0.10537,2.78395,2.30546,0.00391,1.47455e-05,1.47455e-05,1.47455e-05
343,2273.74,1.36564,0.7489,0.00146,0.45169,0.46949,0.37461,0.10085,2.76151,2.29643,0.00386,1.45888e-05,1.45888e-05,1.45888e-05
344,2280.27,1.41217,0.78503,0.00148,0.41801,0.45194,0.34115,0.08629,2.90089,2.26893,0.00414,1.44345e-05,1.44345e-05,1.44345e-05
345,2286.71,1.41747,0.75319,0.00142,0.46912,0.48682,0.40078,0.10906,2.7093,2.22989,0.00373,1.42828e-05,1.42828e-05,1.42828e-05
346,2293.13,1.42561,0.76986,0.00147,0.53437,0.4511,0.42604,0.11493,2.75345,2.19616,0.00384,1.41336e-05,1.41336e-05,1.41336e-05
347,2299.81,1.40362,0.76959,0.00149,0.49114,0.46893,0.40709,0.10988,2.73903,2.22471,0.00379,1.39869e-05,1.39869e-05,1.39869e-05
348,2306.29,1.43772,0.79641,0.0015,0.5134,0.45403,0.41604,0.11385,2.73227,2.21943,0.00378,1.38427e-05,1.38427e-05,1.38427e-05
349,2312.75,1.40542,0.76465,0.00149,0.50733,0.42941,0.39491,0.10361,2.81114,2.25247,0.00398,1.3701e-05,1.3701e-05,1.3701e-05
350,2319.31,1.46638,0.79799,0.00144,0.5084,0.47975,0.43038,0.12005,2.66754,2.18963,0.00361,1.3562e-05,1.3562e-05,1.3562e-05
351,2325.75,1.39713,0.73648,0.00144,0.52324,0.46698,0.42531,0.11298,2.73469,2.21721,0.00378,1.34254e-05,1.34254e-05,1.34254e-05
352,2332.23,1.45334,0.78402,0.00154,0.52198,0.46462,0.43227,0.11586,2.73198,2.1858,0.00378,1.32915e-05,1.32915e-05,1.32915e-05
353,2338.8,1.44797,0.7833,0.00145,0.5699,0.48356,0.46392,0.13679,2.59542,2.16366,0.00348,1.31601e-05,1.31601e-05,1.31601e-05
354,2346.47,1.41269,0.75281,0.00146,0.5258,0.46298,0.43035,0.11681,2.71112,2.20229,0.00374,1.30312e-05,1.30312e-05,1.30312e-05
355,2352.88,1.37691,0.73875,0.00141,0.51639,0.45054,0.40395,0.10759,2.77464,2.24294,0.00386,1.2905e-05,1.2905e-05,1.2905e-05
356,2359.41,1.40035,0.80164,0.00141,0.54484,0.46705,0.44067,0.12438,2.67534,2.16689,0.00365,1.27814e-05,1.27814e-05,1.27814e-05
357,2366.27,1.38398,0.73215,0.0015,0.48742,0.46447,0.39471,0.10333,2.80308,2.22641,0.00394,1.26604e-05,1.26604e-05,1.26604e-05
358,2372.72,1.44755,0.82611,0.0015,0.52752,0.48351,0.44806,0.12395,2.68418,2.1582,0.00368,1.2542e-05,1.2542e-05,1.2542e-05
359,2379.41,1.49236,0.8351,0.00148,0.52427,0.47092,0.44012,0.12207,2.69218,2.21925,0.00369,1.24262e-05,1.24262e-05,1.24262e-05
360,2385.88,1.43773,0.80447,0.0015,0.525,0.49881,0.44817,0.12692,2.64185,2.192,0.00359,1.2313e-05,1.2313e-05,1.2313e-05
361,2392.27,1.41491,0.7745,0.00143,0.48846,0.50185,0.44319,0.12102,2.71664,2.21641,0.00376,1.22025e-05,1.22025e-05,1.22025e-05
362,2398.82,1.39987,0.76158,0.00145,0.50117,0.48293,0.42945,0.11318,2.76565,2.21033,0.00387,1.20946e-05,1.20946e-05,1.20946e-05
363,2405.21,1.4171,0.77404,0.00146,0.52074,0.50899,0.4472,0.12184,2.69466,2.21617,0.00371,1.19893e-05,1.19893e-05,1.19893e-05
364,2411.64,1.4255,0.78515,0.00146,0.50204,0.48559,0.42134,0.11694,2.63442,2.24003,0.00356,1.18867e-05,1.18867e-05,1.18867e-05
365,2418.14,1.42595,0.77757,0.00139,0.51742,0.49584,0.46471,0.1343,2.60538,2.2242,0.00353,1.17868e-05,1.17868e-05,1.17868e-05
366,2424.72,1.4074,0.73597,0.00144,0.48709,0.49893,0.42916,0.11714,2.71463,2.24661,0.00374,1.16895e-05,1.16895e-05,1.16895e-05
367,2431.16,1.45277,0.79329,0.00137,0.51877,0.49351,0.44878,0.12456,2.66129,2.23117,0.00364,1.15949e-05,1.15949e-05,1.15949e-05
368,2437.71,1.41996,0.75406,0.00141,0.51666,0.48959,0.44666,0.12533,2.65201,2.22113,0.00361,1.1503e-05,1.1503e-05,1.1503e-05
369,2444.18,1.43098,0.73848,0.00141,0.49304,0.4953,0.43952,0.12404,2.66369,2.19323,0.00362,1.14138e-05,1.14138e-05,1.14138e-05
370,2450.61,1.38763,0.74684,0.0015,0.53628,0.4532,0.44002,0.12326,2.68251,2.23801,0.00369,1.13272e-05,1.13272e-05,1.13272e-05
371,2457.18,1.42678,0.77109,0.00141,0.54061,0.46576,0.44959,0.12201,2.72874,2.20552,0.0038,1.12434e-05,1.12434e-05,1.12434e-05
372,2463.62,1.41273,0.77129,0.00147,0.55693,0.46039,0.45774,0.128,2.71192,2.19427,0.00375,1.11622e-05,1.11622e-05,1.11622e-05
373,2470.31,1.42932,0.78787,0.00155,0.51038,0.49311,0.42728,0.11731,2.65161,2.21356,0.0036,1.10837e-05,1.10837e-05,1.10837e-05
374,2476.74,1.41831,0.76927,0.00147,0.52366,0.50342,0.44891,0.12857,2.63264,2.15345,0.00354,1.1008e-05,1.1008e-05,1.1008e-05
375,2483.18,1.41775,0.75881,0.00157,0.53087,0.49721,0.44421,0.12353,2.6758,2.17919,0.00368,1.0935e-05,1.0935e-05,1.0935e-05
376,2489.77,1.43272,0.77482,0.00145,0.54127,0.50135,0.45008,0.12845,2.59857,2.16203,0.00349,1.08647e-05,1.08647e-05,1.08647e-05
377,2496.2,1.42879,0.75829,0.00145,0.51295,0.4949,0.43197,0.11721,2.72804,2.19543,0.00379,1.07971e-05,1.07971e-05,1.07971e-05
378,2502.67,1.44635,0.78674,0.00145,0.49253,0.50526,0.4315,0.11595,2.73714,2.19351,0.00382,1.07322e-05,1.07322e-05,1.07322e-05
379,2509.37,1.40522,0.75099,0.00144,0.5296,0.48057,0.45197,0.12799,2.68896,2.17015,0.00372,1.06701e-05,1.06701e-05,1.06701e-05
380,2515.76,1.34825,0.71732,0.0014,0.51596,0.50289,0.44506,0.12146,2.67698,2.20234,0.00369,1.06107e-05,1.06107e-05,1.06107e-05
381,2522.21,1.37171,0.73035,0.00143,0.52203,0.49499,0.45578,0.13108,2.60125,2.20016,0.00353,1.0554e-05,1.0554e-05,1.0554e-05
382,2528.73,1.41585,0.75766,0.00139,0.50092,0.49837,0.43804,0.12101,2.68487,2.1943,0.00368,1.05001e-05,1.05001e-05,1.05001e-05
383,2535.2,1.3929,0.73966,0.0015,0.46739,0.47321,0.4134,0.11017,2.76816,2.25766,0.00388,1.04489e-05,1.04489e-05,1.04489e-05
384,2541.66,1.40321,0.73698,0.00152,0.46472,0.47568,0.40377,0.10436,2.83006,2.23023,0.00401,1.04005e-05,1.04005e-05,1.04005e-05
385,2548.23,1.40192,0.7325,0.00145,0.47094,0.47868,0.41475,0.11073,2.78803,2.23841,0.00392,1.03548e-05,1.03548e-05,1.03548e-05
386,2554.86,1.31231,0.6463,0.00129,0.52762,0.43703,0.39749,0.10193,2.82161,2.32198,0.00398,1.03119e-05,1.03119e-05,1.03119e-05
387,2561.18,1.33866,0.64748,0.00124,0.53206,0.46418,0.42888,0.11927,2.68687,2.30283,0.00369,1.02718e-05,1.02718e-05,1.02718e-05
388,2567.65,1.33219,0.66747,0.00128,0.51526,0.45562,0.42299,0.11438,2.74488,2.32358,0.00382,1.02344e-05,1.02344e-05,1.02344e-05
389,2574.01,1.32104,0.66472,0.00131,0.53317,0.46351,0.43424,0.11736,2.74257,2.33927,0.0038,1.01997e-05,1.01997e-05,1.01997e-05
390,2580.54,1.35393,0.68607,0.00128,0.5137,0.47148,0.42986,0.1161,2.73622,2.29693,0.00377,1.01678e-05,1.01678e-05,1.01678e-05
391,2586.94,1.33741,0.6719,0.00132,0.51862,0.45863,0.42112,0.11652,2.71584,2.29448,0.00372,1.01387e-05,1.01387e-05,1.01387e-05
392,2593.33,1.33723,0.6584,0.00132,0.50899,0.44806,0.3973,0.1057,2.7516,2.37338,0.0038,1.01124e-05,1.01124e-05,1.01124e-05
393,2599.98,1.33025,0.66376,0.00128,0.53469,0.49781,0.47638,0.13871,2.59936,2.23328,0.00349,1.00888e-05,1.00888e-05,1.00888e-05
394,2606.39,1.32555,0.65999,0.00128,0.52998,0.47869,0.44006,0.11999,2.69768,2.26638,0.00371,1.0068e-05,1.0068e-05,1.0068e-05
395,2612.79,1.31235,0.64526,0.00129,0.50381,0.49283,0.43746,0.1193,2.7132,2.27108,0.00377,1.005e-05,1.005e-05,1.005e-05
396,2619.3,1.32083,0.67779,0.0013,0.5471,0.50097,0.48741,0.1383,2.66615,2.19157,0.00367,1.00347e-05,1.00347e-05,1.00347e-05
397,2625.71,1.32542,0.65695,0.00124,0.52809,0.47429,0.44778,0.12425,2.67943,2.27718,0.00369,1.00222e-05,1.00222e-05,1.00222e-05
398,2632.12,1.34117,0.6615,0.0013,0.55122,0.48311,0.46699,0.13563,2.63645,2.24134,0.00361,1.00125e-05,1.00125e-05,1.00125e-05
399,2638.61,1.34323,0.67731,0.00129,0.5242,0.49316,0.45452,0.12361,2.71674,2.23153,0.00378,1.00056e-05,1.00056e-05,1.00056e-05
400,2645.15,1.3103,0.65815,0.00126,0.50861,0.50851,0.46481,0.13095,2.67228,2.21091,0.00368,1.00014e-05,1.00014e-05,1.00014e-05
